Period,GOOGL Market Cap
2015-05-04 00:00:00,377788.554837
2015-05-01 00:00:00,376633.6979
2015-04-30 00:00:00,375000.4978
2015-04-29 00:00:00,383624.3407
2015-04-28 00:00:00,384650.832
2015-04-27 00:00:00,385843.5583
2015-04-24 00:00:00,390446.0754
2015-04-23 00:00:00,379419.9861
2015-04-22 00:00:00,373784.4293
2015-04-21 00:00:00,369527.1337
2015-04-20 00:00:00,370619.5333
2015-04-17 00:00:00,362594.9905
2015-04-16 00:00:00,369932.1043
2015-04-15 00:00:00,368244.1597
2015-04-14 00:00:00,367386.575
2015-04-13 00:00:00,373416.893
2015-04-10 00:00:00,373348.8307
2015-04-09 00:00:00,372994.9069
2015-04-08 00:00:00,373553.0176
2015-04-07 00:00:00,370844.1388
2015-04-06 00:00:00,370224.7721
2015-04-02 00:00:00,368427.9279
2015-04-01 00:00:00,373995.4224
2015-03-31 00:00:00,377541.4672
2015-03-30 00:00:00,381921.2749
2015-03-27 00:00:00,379481.2421
2015-03-26 00:00:00,383626.235
2015-03-25 00:00:00,385913.1276
2015-03-24 00:00:00,393086.8919
2015-03-23 00:00:00,384803.7124
2015-03-20 00:00:00,384517.8509
2015-03-19 00:00:00,383646.6537
2015-03-18 00:00:00,385341.4044
2015-03-17 00:00:00,379522.0795
2015-03-16 00:00:00,382264.9894
2015-03-13 00:00:00,376384.4084
2015-03-12 00:00:00,381945.0967
2015-03-11 00:00:00,378215.2837
2015-03-10 00:00:00,381046.6746
2015-03-09 00:00:00,390745.5495
2015-03-06 00:00:00,389928.8021
2015-03-05 00:00:00,395737.9177
2015-03-04 00:00:00,393624.5839
2015-03-03 00:00:00,393941.0735
2015-03-02 00:00:00,391371.7225
2015-02-27 00:00:00,382938.806
2015-02-26 00:00:00,380665.5258
2015-02-25 00:00:00,372525.2771
2015-02-24 00:00:00,366617.4712
2015-02-23 00:00:00,364133.198
2015-02-20 00:00:00,368761.433
2015-02-19 00:00:00,371926.3291
2015-02-18 00:00:00,369339.9624
2015-02-17 00:00:00,370946.2322
2015-02-13 00:00:00,375132.0624
2015-02-12 00:00:00,371626.855
2015-02-11 00:00:00,366175.0664
2015-02-10 00:00:00,367645.2116
2015-02-09 00:00:00,360240.0356
2015-02-06 00:00:00,363367.4974
2015-02-05 00:00:00,360614.3781
2015-02-04 00:00:00,358075.6551
2015-02-03 00:00:00,362976.1392
2015-02-02 00:00:00,362227.4542
2015-01-30 00:00:00,365868.7861
2015-01-29 00:00:00,349316.0396
2015-01-28 00:00:00,348540.538
2015-01-27 00:00:00,354498.8447
2015-01-26 00:00:00,365061.9158
2015-01-23 00:00:00,368619.2154
2015-01-22 00:00:00,365456.4156
2015-01-21 00:00:00,353954.7071
2015-01-20 00:00:00,346846.9097
2015-01-16 00:00:00,347197.1983
2015-01-15 00:00:00,342813.4897
2015-01-14 00:00:00,344119.42
2015-01-13 00:00:00,341310.3096
2015-01-12 00:00:00,338086.2943
2015-01-09 00:00:00,340575.7238
2015-01-08 00:00:00,344785.9885
2015-01-07 00:00:00,343588.8858
2015-01-06 00:00:00,344602.3421
2015-01-05 00:00:00,353322.1471
2015-01-02 00:00:00,360185.0826
2014-12-31 00:00:00,360940.0735
2014-12-30 00:00:00,363115.5919
2014-12-29 00:00:00,364492.6743
2014-12-26 00:00:00,367348.5939
2014-12-24 00:00:00,364234.8953
2014-12-23 00:00:00,365483.0882
2014-12-22 00:00:00,361094.0621
2014-12-19 00:00:00,352777.2986
2014-12-18 00:00:00,349100.5565
2014-12-17 00:00:00,343558.3088
2014-12-16 00:00:00,337934.6571
2014-12-15 00:00:00,349928.1627
2014-12-12 00:00:00,353774.4962
2014-12-11 00:00:00,360965.1726
2014-12-10 00:00:00,358204.2242
2014-12-09 00:00:00,363678.6354
2014-12-08 00:00:00,360029.028
2014-12-05 00:00:00,358231.3589
2014-12-04 00:00:00,368067.6615
2014-12-03 00:00:00,364262.0299
2014-12-02 00:00:00,365360.9824
2014-12-01 00:00:00,366080.05
2014-11-28 00:00:00,372477.0386
2014-11-26 00:00:00,371561.2449
2014-11-25 00:00:00,372578.7934
2014-11-24 00:00:00,371391.6534
2014-11-21 00:00:00,370313.052
2014-11-20 00:00:00,368868.133
2014-11-19 00:00:00,371201.711
2014-11-18 00:00:00,369376.9073
2014-11-17 00:00:00,370821.8262
2014-11-14 00:00:00,376621.853
2014-11-13 00:00:00,377469.8101
2014-11-12 00:00:00,378697.652
2014-11-11 00:00:00,380759.8838
2014-11-10 00:00:00,378684.0847
2014-11-07 00:00:00,374335.7606
2014-11-06 00:00:00,374247.573
2014-11-05 00:00:00,377137.4109
2014-11-04 00:00:00,382727.1443
2014-11-03 00:00:00,382442.2307
2014-10-31 00:00:00,385223.5301
2014-10-30 00:00:00,380067.9507
2014-10-29 00:00:00,378833.3252
2014-10-28 00:00:00,379165.7244
2014-10-27 00:00:00,373019.7311
2014-10-24 00:00:00,372354.9327
2014-10-23 00:00:00,375577.1698
2014-10-22 00:00:00,368142.2817
2014-10-21 00:00:00,364981.0976
2014-10-20 00:00:00,361148.3314
2014-10-17 00:00:00,354764.9101
2014-10-16 00:00:00,364228.1116
2014-10-15 00:00:00,366764.7222
2014-10-14 00:00:00,372163.8071
2014-10-13 00:00:00,369491.3958
2014-10-10 00:00:00,376572.6076
2014-10-09 00:00:00,387167.2944
2014-10-08 00:00:00,395937.416
2014-10-07 00:00:00,389398.8257
2014-10-06 00:00:00,398677.6551
2014-10-03 00:00:00,397639.8912
2014-10-02 00:00:00,393997.5438
2014-10-01 00:00:00,393149.6975
2014-09-30 00:00:00,399104.9696
2014-09-29 00:00:00,397589.9815
2014-09-26 00:00:00,397650.8703
2014-09-25 00:00:00,395858.418
2014-09-24 00:00:00,404766.5006
2014-09-23 00:00:00,399869.4226
2014-09-22 00:00:00,403988.6498
2014-09-19 00:00:00,409487.7168
2014-09-18 00:00:00,403988.6498
2014-09-17 00:00:00,401296.6097
2014-09-16 00:00:00,398246.0818
2014-09-15 00:00:00,393416.6429
2014-09-12 00:00:00,395621.6808
2014-09-11 00:00:00,399822.0751
2014-09-10 00:00:00,401384.5406
2014-09-09 00:00:00,400403.7722
2014-09-08 00:00:00,406937.719
2014-09-05 00:00:00,404333.6098
2014-09-04 00:00:00,401195.1509
2014-09-03 00:00:00,398746.6118
2014-09-02 00:00:00,398144.623
2014-08-29 00:00:00,393903.6451
2014-08-28 00:00:00,392523.8054
2014-08-27 00:00:00,394336.536
2014-08-26 00:00:00,397799.663
2014-08-25 00:00:00,399456.8234
2014-08-22 00:00:00,400789.3157
2014-08-21 00:00:00,400708.1486
2014-08-20 00:00:00,402730.5607
2014-08-19 00:00:00,403880.4271
2014-08-18 00:00:00,400897.5384
2014-08-15 00:00:00,394816.7743
2014-08-14 00:00:00,395452.5828
2014-08-13 00:00:00,395391.7075
2014-08-12 00:00:00,386977.391
2014-08-11 00:00:00,390447.282
2014-08-08 00:00:00,390913.9925
2014-08-07 00:00:00,386767.7095
2014-08-06 00:00:00,388580.4401
2014-08-05 00:00:00,387667.3109
2014-08-04 00:00:00,393842.7698
2014-08-01 00:00:00,387978.4512
2014-07-31 00:00:00,392002.9836
2014-07-30 00:00:00,402750.8525
2014-07-29 00:00:00,401743.0284
2014-07-28 00:00:00,405172.3358
2014-07-25 00:00:00,404536.5274
2014-07-24 00:00:00,407871.1399
2014-07-23 00:00:00,409345.6745
2014-07-22 00:00:00,408249.9194
2014-07-21 00:00:00,404780.0285
2014-07-18 00:00:00,409291.5631
2014-07-17 00:00:00,392862.0014
2014-07-16 00:00:00,399203.0111
2014-07-15 00:00:00,400852.2193
2014-07-14 00:00:00,401663.3053
2014-07-11 00:00:00,396519.6682
2014-07-10 00:00:00,392051.9362
2014-07-09 00:00:00,394295.9408
2014-07-08 00:00:00,390943.452
2014-07-07 00:00:00,399297.6378
2014-07-03 00:00:00,400865.7374
2014-07-02 00:00:00,399311.1559
2014-07-01 00:00:00,399791.0484
2014-06-30 00:00:00,395181.3764
2014-06-27 00:00:00,395044.3323
2014-06-26 00:00:00,394423.7979
2014-06-25 00:00:00,395206.2108
2014-06-24 00:00:00,386174.7375
2014-06-23 00:00:00,387355.1018
2014-06-20 00:00:00,382114.2842
2014-06-19 00:00:00,381082.3086
2014-06-18 00:00:00,378161.75
2014-06-17 00:00:00,371386.4587
2014-06-16 00:00:00,372522.981
2014-06-13 00:00:00,377952.6569
2014-06-12 00:00:00,377379.337
2014-06-11 00:00:00,382775.2882
2014-06-10 00:00:00,383314.8834
2014-06-09 00:00:00,384953.9035
2014-06-06 00:00:00,381783.7822
2014-06-05 00:00:00,381041.8389
2014-06-04 00:00:00,373507.7421
2014-06-03 00:00:00,374013.6125
2014-06-02 00:00:00,380643.8875
2014-05-30 00:00:00,385574.4379
2014-05-29 00:00:00,384839.2396
2014-05-28 00:00:00,384765.0453
2014-05-27 00:00:00,387746.3083
2014-05-23 00:00:00,380279.6608
2014-05-22 00:00:00,374647.6368
2014-05-21 00:00:00,370769.2968
2014-05-20 00:00:00,364489.7586
2014-05-19 00:00:00,363437.5481
2014-05-16 00:00:00,356335.1274
2014-05-15 00:00:00,356888.2124
2014-05-14 00:00:00,360456.2851
2014-05-13 00:00:00,365265.4266
2014-05-12 00:00:00,363167.7506
2014-05-09 00:00:00,355201.9776
2014-05-08 00:00:00,350851.492
2014-05-07 00:00:00,349387.8402
2014-05-06 00:00:00,352470.2773
2014-05-05 00:00:00,361076.8195
2014-05-02 00:00:00,360092.0584
2014-05-01 00:00:00,363235.2
2014-04-30 00:00:00,360773.2972
2014-04-29 00:00:00,361751.3134
2014-04-28 00:00:00,352746.8198
2014-04-25 00:00:00,352827.7591
2014-04-24 00:00:00,360476.5199
2014-04-23 00:00:00,362547.2162
2014-04-22 00:00:00,367936.4224
2014-04-21 00:00:00,363801.7748
2014-04-17 00:00:00,366479.5156
2014-04-16 00:00:00,380347.1102
2014-04-15 00:00:00,369224.1258
2014-04-14 00:00:00,366868.9509
2014-04-11 00:00:00,361862.5221
2014-04-10 00:00:00,367871.5825
2014-04-09 00:00:00,381565.242
2014-04-08 00:00:00,375152.4373
2014-04-07 00:00:00,363793.7655
2014-04-04 00:00:00,366902.5963
2014-04-03 00:00:00,385455.033
2014-04-02 00:00:00,383161.8082
2014-04-01 00:00:00,383090.9223
2014-03-31 00:00:00,376211.4976
2014-03-28 00:00:00,376427.3579
2014-03-27 00:00:00,374454.7353
2014-03-26 00:00:00,380399.4746
2014-03-25 00:00:00,389388.8351
2014-03-24 00:00:00,389123.3568
2014-03-21 00:00:00,397561.5969
2014-03-20 00:00:00,402306.6344
2014-03-19 00:00:00,403008.9789
2014-03-18 00:00:00,407044.9506
2014-03-17 00:00:00,400606.218
2014-03-14 00:00:00,394120.4368
2014-03-13 00:00:00,399584.6186
2014-03-12 00:00:00,405714.1883
2014-03-11 00:00:00,403257.6576
2014-03-10 00:00:00,407149.1263
2014-03-07 00:00:00,408231.21
2014-03-06 00:00:00,409850.9716
2014-03-05 00:00:00,409397.3057
2014-03-04 00:00:00,408271.5374
2014-03-03 00:00:00,404164.9961
2014-02-28 00:00:00,408520.2093
2014-02-27 00:00:00,409716.5538
2014-02-26 00:00:00,410039.1592
2014-02-25 00:00:00,409982.0322
2014-02-24 00:00:00,407465.0104
2014-02-21 00:00:00,404534.6501
2014-02-20 00:00:00,404642.183
2014-02-19 00:00:00,404047.3781
2014-02-18 00:00:00,406917.2473
2014-02-14 00:00:00,404201.9595
2014-02-13 00:00:00,403227.4087
2014-02-12 00:00:00,398788.1769
2014-02-11 00:00:00,399961.0005
2014-02-10 00:00:00,394164.1214
2014-02-07 00:00:00,395679.7074
2014-02-06 00:00:00,389805.5376
2014-02-05 00:00:00,384173.3252
2014-02-04 00:00:00,382479.6301
2014-02-03 00:00:00,380890.1106
2014-01-31 00:00:00,396865.9668
2014-01-30 00:00:00,381550.1135
2014-01-29 00:00:00,371739.1423
2014-01-28 00:00:00,377142.6755
2014-01-27 00:00:00,369828.2561
2014-01-24 00:00:00,377418.0596
2014-01-23 00:00:00,389598.6846
2014-01-22 00:00:00,391250.9822
2014-01-21 00:00:00,390807.6837
2014-01-17 00:00:00,386384.7767
2014-01-16 00:00:00,388295.6563
2014-01-15 00:00:00,385743.3345
2014-01-14 00:00:00,386005.2849
2014-01-13 00:00:00,377132.6036
2014-01-10 00:00:00,379550.5951
2014-01-09 00:00:00,379570.7457
2014-01-08 00:00:00,383261.5363
2014-01-07 00:00:00,382464.7745
2014-01-06 00:00:00,375231.796
2014-01-03 00:00:00,371094.345
2014-01-02 00:00:00,373821.2981
2013-12-31 00:00:00,376370.2648
2013-12-30 00:00:00,370656.6037
2013-12-27 00:00:00,373643.3443
2013-12-26 00:00:00,373329.2991
2013-12-24 00:00:00,371451.7297
2013-12-23 00:00:00,372540.8551
2013-12-20 00:00:00,367703.273
2013-12-19 00:00:00,362892.412
2013-12-18 00:00:00,362401.305
2013-12-17 00:00:00,357426.7395
2013-12-16 00:00:00,358469.0978
2013-12-13 00:00:00,354396.5696
2013-12-12 00:00:00,357460.1493
2013-12-11 00:00:00,359909.0091
2013-12-10 00:00:00,362371.2329
2013-12-09 00:00:00,360192.9889
2013-12-06 00:00:00,357430.0838
2013-12-05 00:00:00,353243.969
2013-12-04 00:00:00,353524.6044
2013-12-03 00:00:00,351880.8902
2013-12-02 00:00:00,352288.4761
2013-11-29 00:00:00,353995.6656
2013-11-27 00:00:00,355171.6497
2013-11-26 00:00:00,353601.4436
2013-11-25 00:00:00,349432.0303
2013-11-22 00:00:00,344741.4446
2013-11-21 00:00:00,345469.751
2013-11-20 00:00:00,341540.8881
2013-11-19 00:00:00,342507.7357
2013-11-18 00:00:00,344627.8513
2013-11-15 00:00:00,345299.3711
2013-11-14 00:00:00,345857.2977
2013-11-13 00:00:00,344935.2146
2013-11-12 00:00:00,338022.9488
2013-11-11 00:00:00,337625.3825
2013-11-08 00:00:00,339442.8209
2013-11-07 00:00:00,336743.3911
2013-11-06 00:00:00,341687.8844
2013-11-05 00:00:00,341276.9542
2013-11-04 00:00:00,342809.0845
2013-11-01 00:00:00,343121.1205
2013-10-31 00:00:00,344303.7865
2013-10-30 00:00:00,344250.3375
2013-10-29 00:00:00,346194.7264
2013-10-28 00:00:00,339098.7102
2013-10-25 00:00:00,339165.5231
2013-10-24 00:00:00,342623.3315
2013-10-23 00:00:00,344580.0763
2013-10-22 00:00:00,336426.0082
2013-10-21 00:00:00,335189.8865
2013-10-18 00:00:00,337898.6684
2013-10-17 00:00:00,296934.8715
2013-10-16 00:00:00,300082.691
2013-10-15 00:00:00,294729.8303
2013-10-14 00:00:00,292758.3028
2013-10-11 00:00:00,291381.5732
2013-10-10 00:00:00,290128.4889
2013-10-09 00:00:00,285991.6236
2013-10-08 00:00:00,285259.8204
2013-10-07 00:00:00,289293.0905
2013-10-04 00:00:00,291501.8735
2013-10-03 00:00:00,292751.6194
2013-10-02 00:00:00,296728.0845
2013-10-01 00:00:00,296398.6108
2013-09-30 00:00:00,292691.4693
2013-09-27 00:00:00,291856.2404
2013-09-26 00:00:00,292449.0228
2013-09-25 00:00:00,292135.98
2013-09-24 00:00:00,295336.3143
2013-09-23 00:00:00,295223.0837
2013-09-20 00:00:00,300754.5639
2013-09-19 00:00:00,299182.7027
2013-09-18 00:00:00,300824.4971
2013-09-17 00:00:00,295093.2048
2013-09-16 00:00:00,295642.6898
2013-09-13 00:00:00,296078.2854
2013-09-12 00:00:00,297409.0333
2013-09-11 00:00:00,298450.0605
2013-09-10 00:00:00,295945.7383
2013-09-09 00:00:00,295740.5964
2013-09-06 00:00:00,292918.5803
2013-09-05 00:00:00,292911.9197
2013-09-04 00:00:00,290272.3954
2013-09-03 00:00:00,286524.579
2013-08-30 00:00:00,282035.4568
2013-08-29 00:00:00,284876.124
2013-08-28 00:00:00,282584.9418
2013-08-27 00:00:00,283117.7719
2013-08-26 00:00:00,288526.0339
2013-08-23 00:00:00,289798.1735
2013-08-22 00:00:00,290963.7498
2013-08-21 00:00:00,289505.1126
2013-08-20 00:00:00,288203.0035
2013-08-19 00:00:00,288279.5974
2013-08-16 00:00:00,285368.3316
2013-08-15 00:00:00,286284.8031
2013-08-14 00:00:00,289664.9676
2013-08-13 00:00:00,293474.7259
2013-08-12 00:00:00,294893.3927
2013-08-09 00:00:00,296525.1995
2013-08-08 00:00:00,297274.4966
2013-08-07 00:00:00,296605.1203
2013-08-06 00:00:00,298576.6057
2013-08-05 00:00:00,301383.9697
2013-08-02 00:00:00,301906.8189
2013-08-01 00:00:00,301124.2186
2013-07-31 00:00:00,295639.3628
2013-07-30 00:00:00,296695.0355
2013-07-29 00:00:00,293814.4045
2013-07-26 00:00:00,294840.1077
2013-07-25 00:00:00,295622.7079
2013-07-24 00:00:00,300684.6306
2013-07-23 00:00:00,300984.3455
2013-07-22 00:00:00,303282.1949
2013-07-19 00:00:00,298585.9279
2013-07-18 00:00:00,303275.5343
2013-07-17 00:00:00,306000.2582
2013-07-16 00:00:00,306352.7123
2013-07-15 00:00:00,308045.698
2013-07-12 00:00:00,307482.7007
2013-07-11 00:00:00,306563.2555
2013-07-10 00:00:00,301816.0915
2013-07-09 00:00:00,301566.2432
2013-07-08 00:00:00,301516.2749
2013-07-05 00:00:00,297651.9201
2013-07-03 00:00:00,295299.9941
2013-07-02 00:00:00,293927.4793
2013-07-01 00:00:00,295783.0368
2013-06-28 00:00:00,292076.8757
2013-06-27 00:00:00,290982.0469
2013-06-26 00:00:00,289847.4116
2013-06-25 00:00:00,287375.7541
2013-06-24 00:00:00,288566.7947
2013-06-21 00:00:00,292262.6639
2013-06-20 00:00:00,293526.6953
2013-06-19 00:00:00,298815.0445
2013-06-18 00:00:00,298795.1379
2013-06-17 00:00:00,294027.661
2013-06-14 00:00:00,290308.5642
2013-06-13 00:00:00,290958.8259
2013-06-12 00:00:00,289293.3617
2013-06-11 00:00:00,291891.0876
2013-06-10 00:00:00,295344.77
2013-06-07 00:00:00,291864.5455
2013-06-06 00:00:00,286858.1962
2013-06-05 00:00:00,285219.2741
2013-06-04 00:00:00,285020.215
2013-06-03 00:00:00,287850.1777
2013-05-31 00:00:00,289040.5554
2013-05-30 00:00:00,288888.6078
2013-05-29 00:00:00,288075.779
2013-05-28 00:00:00,292375.4678
2013-05-24 00:00:00,289737.9287
2013-05-23 00:00:00,292879.748
2013-05-22 00:00:00,295079.3622
2013-05-21 00:00:00,300901.8547
2013-05-20 00:00:00,301419.4059
2013-05-17 00:00:00,301635.0573
2013-05-16 00:00:00,299873.3812
2013-05-15 00:00:00,303861.2069
2013-05-14 00:00:00,294309.6609
2013-05-13 00:00:00,291134.6641
2013-05-10 00:00:00,292030.4271
2013-05-09 00:00:00,289127.4802
2013-05-08 00:00:00,289840.7761
2013-05-07 00:00:00,284399.8098
2013-05-06 00:00:00,285833.0372
2013-05-03 00:00:00,280581.1867
2013-05-02 00:00:00,275236.4322
2013-05-01 00:00:00,272190.8181
2013-04-30 00:00:00,273564.3324
2013-04-29 00:00:00,271736.3011
2013-04-26 00:00:00,265883.9454
2013-04-25 00:00:00,268431.9081
2013-04-24 00:00:00,269876.4179
2013-04-23 00:00:00,268033.7898
2013-04-22 00:00:00,265450.6607
2013-04-19 00:00:00,265369.7086
2013-04-18 00:00:00,254104.261
2013-04-17 00:00:00,259033.6354
2013-04-16 00:00:00,262611.8274
2013-04-15 00:00:00,258825.0972
2013-04-12 00:00:00,261512.8797
2013-04-11 00:00:00,261625.426
2013-04-10 00:00:00,261555.9154
2013-04-09 00:00:00,257408.3852
2013-04-08 00:00:00,256481.5605
2013-04-05 00:00:00,259195.8245
2013-04-04 00:00:00,263174.5452
2013-04-03 00:00:00,266859.3244
2013-04-02 00:00:00,269122.7554
2013-04-01 00:00:00,265200.311
2013-03-28 00:00:00,261814.569
2013-03-27 00:00:00,264607.4728
2013-03-26 00:00:00,267824.9868
2013-03-25 00:00:00,266908.5276
2013-03-22 00:00:00,267129.3989
2013-03-21 00:00:00,267442.5788
2013-03-20 00:00:00,268579.2573
2013-03-19 00:00:00,267462.3592
2013-03-18 00:00:00,266298.6482
2013-03-15 00:00:00,268445.4118
2013-03-14 00:00:00,270831.5164
2013-03-13 00:00:00,272074.3491
2013-03-12 00:00:00,272832.5716
2013-03-11 00:00:00,275209.4414
2013-03-08 00:00:00,274121.5586
2013-03-07 00:00:00,274476.2753
2013-03-06 00:00:00,274075.4043
2013-03-05 00:00:00,276456.8915
2013-03-04 00:00:00,270819.6468
2013-03-01 00:00:00,265771.1838
2013-02-28 00:00:00,264126.1693
2013-02-27 00:00:00,263658.0462
2013-02-26 00:00:00,260476.793
2013-02-25 00:00:00,260687.7774
2013-02-22 00:00:00,263634.9658
2013-02-21 00:00:00,262256.9769
2013-02-20 00:00:00,261244.9091
2013-02-19 00:00:00,265988.7617
2013-02-15 00:00:00,261386.6653
2013-02-14 00:00:00,259715.2704
2013-02-13 00:00:00,258080.1428
2013-02-12 00:00:00,257368.0679
2013-02-11 00:00:00,257935.0931
2013-02-08 00:00:00,258907.6001
2013-02-07 00:00:00,255142.8413
2013-02-06 00:00:00,253896.7152
2013-02-05 00:00:00,252436.3113
2013-02-04 00:00:00,250220.9716
2013-02-01 00:00:00,255686.7861
2013-01-31 00:00:00,249123.1953
2013-01-30 00:00:00,248510.0224
2013-01-29 00:00:00,248460.5681
2013-01-28 00:00:00,247488.0677
2013-01-25 00:00:00,248457.2747
2013-01-24 00:00:00,248510.0224
2013-01-23 00:00:00,244445.2707
2013-01-22 00:00:00,231932.3544
2013-01-18 00:00:00,232473.517
2013-01-17 00:00:00,234720.6747
2013-01-16 00:00:00,235997.6968
2013-01-15 00:00:00,239211.6933
2013-01-14 00:00:00,238657.3246
2013-01-11 00:00:00,244181.1733
2013-01-10 00:00:00,244672.8409
2013-01-09 00:00:00,243563.4572
2013-01-08 00:00:00,241973.6144
2013-01-07 00:00:00,242452.0824
2013-01-04 00:00:00,243514.6148
2013-01-03 00:00:00,238795.92
2013-01-02 00:00:00,238657.3246
2012-12-31 00:00:00,233420.5565
2012-12-28 00:00:00,230019.2093
2012-12-27 00:00:00,232082.7857
2012-12-26 00:00:00,232930.5587
2012-12-24 00:00:00,233137.5696
2012-12-21 00:00:00,235151.8521
2012-12-20 00:00:00,237363.2906
2012-12-19 00:00:00,236623.9537
2012-12-18 00:00:00,236939.4074
2012-12-17 00:00:00,236844.1154
2012-12-14 00:00:00,230661.0219
2012-12-13 00:00:00,230903.1321
2012-12-12 00:00:00,229187.8698
2012-12-11 00:00:00,228990.7137
2012-12-10 00:00:00,225225.0192
2012-12-07 00:00:00,224827.4243
2012-12-06 00:00:00,227101.2944
2012-12-05 00:00:00,226013.65
2012-12-04 00:00:00,227068.4339
2012-12-03 00:00:00,228455.105
2012-11-30 00:00:00,229480.3178
2012-11-29 00:00:00,227351.0271
2012-11-28 00:00:00,224649.9845
2012-11-27 00:00:00,220391.4031
2012-11-26 00:00:00,217250.0438
2012-11-23 00:00:00,219491.0534
2012-11-21 00:00:00,218801.0039
2012-11-20 00:00:00,220148.2424
2012-11-19 00:00:00,219569.9184
2012-11-16 00:00:00,212659.5818
2012-11-15 00:00:00,212685.8701
2012-11-14 00:00:00,214424.1315
2012-11-13 00:00:00,216561.0447
2012-11-12 00:00:00,218810.8653
2012-11-09 00:00:00,217867.8003
2012-11-08 00:00:00,214338.6943
2012-11-07 00:00:00,219211.7495
2012-11-06 00:00:00,224009.2224
2012-11-05 00:00:00,224416.6787
2012-11-02 00:00:00,226045.8473
2012-11-01 00:00:00,225938.0743
2012-10-31 00:00:00,223541.8294
2012-10-26 00:00:00,221850.3606
2012-10-25 00:00:00,222707.9885
2012-10-24 00:00:00,222557.5592
2012-10-23 00:00:00,223559.0508
2012-10-22 00:00:00,223007.0086
2012-10-19 00:00:00,224032.228
2012-10-18 00:00:00,228372.9572
2012-10-17 00:00:00,248249.6155
2012-10-16 00:00:00,244704.0826
2012-10-15 00:00:00,243481.7137
2012-10-12 00:00:00,244689.0944
2012-10-11 00:00:00,246900.249
2012-10-10 00:00:00,244626.6709
2012-10-09 00:00:00,244472.25
2012-10-08 00:00:00,248989.8389
2012-10-05 00:00:00,252212.9321
2012-10-04 00:00:00,252344.357
2012-10-03 00:00:00,250520.8927
2012-10-02 00:00:00,248710.5708
2012-10-01 00:00:00,250284.3345
2012-09-28 00:00:00,246746.6374
2012-09-27 00:00:00,247400.7048
2012-09-26 00:00:00,246406.5253
2012-09-25 00:00:00,245000.2776
2012-09-24 00:00:00,245072.2271
2012-09-21 00:00:00,240039.1883
2012-09-20 00:00:00,238118.3878
2012-09-19 00:00:00,237916.7383
2012-09-18 00:00:00,234901.489
2012-09-17 00:00:00,232187.1132
2012-09-14 00:00:00,232089.0066
2012-09-13 00:00:00,230898.6011
2012-09-12 00:00:00,225940.779
2012-09-11 00:00:00,226369.1896
2012-09-10 00:00:00,229175.1376
2012-09-07 00:00:00,230934.5791
2012-09-06 00:00:00,228727.1044
2012-09-05 00:00:00,222618.1219
2012-09-04 00:00:00,222722.7693
2012-08-31 00:00:00,224047.2528
2012-08-30 00:00:00,222932.0706
2012-08-29 00:00:00,225002.1936
2012-08-28 00:00:00,221483.317
2012-08-27 00:00:00,218857.2396
2012-08-24 00:00:00,221934.6239
2012-08-23 00:00:00,221336.1507
2012-08-22 00:00:00,221460.4207
2012-08-21 00:00:00,218952.079
2012-08-20 00:00:00,220924.089
2012-08-17 00:00:00,221447.339
2012-08-16 00:00:00,220050.9058
2012-08-15 00:00:00,218307.8197
2012-08-14 00:00:00,218674.1018
2012-08-13 00:00:00,215845.2575
2012-08-10 00:00:00,209955.3909
2012-08-09 00:00:00,210069.8529
2012-08-08 00:00:00,210030.6077
2012-08-07 00:00:00,209477.9205
2012-08-06 00:00:00,210223.56
2012-08-03 00:00:00,209736.2751
2012-08-02 00:00:00,205622.1989
2012-08-01 00:00:00,206907.4373
2012-07-31 00:00:00,207002.2766
2012-07-30 00:00:00,206783.1673
2012-07-27 00:00:00,207653.0768
2012-07-26 00:00:00,200589.1535
2012-07-25 00:00:00,198832.9857
2012-07-24 00:00:00,198695.6339
2012-07-23 00:00:00,201292.2807
2012-07-20 00:00:00,199758.4893
2012-07-19 00:00:00,193950.3803
2012-07-18 00:00:00,189875.9867
2012-07-17 00:00:00,188558.4041
2012-07-16 00:00:00,187966.6334
2012-07-13 00:00:00,188489.747
2012-07-12 00:00:00,186515.0028
2012-07-11 00:00:00,186747.1304
2012-07-10 00:00:00,190183.3171
2012-07-09 00:00:00,191592.4404
2012-07-06 00:00:00,191582.635
2012-07-05 00:00:00,194832.4545
2012-07-03 00:00:00,192187.4838
2012-07-02 00:00:00,189781.1733
2012-06-29 00:00:00,189117.3779
2012-06-28 00:00:00,183979.2194
2012-06-27 00:00:00,185606.0862
2012-06-26 00:00:00,184099.8492
2012-06-25 00:00:00,182802.2681
2012-06-22 00:00:00,186316.8169
2012-06-21 00:00:00,184272.6446
2012-06-20 00:00:00,188282.7539
2012-06-19 00:00:00,189593.3698
2012-06-18 00:00:00,186111.4245
2012-06-15 00:00:00,184044.4264
2012-06-14 00:00:00,182264.3263
2012-06-13 00:00:00,182929.4186
2012-06-12 00:00:00,184236.7774
2012-06-11 00:00:00,185345.2646
2012-06-08 00:00:00,189241.2648
2012-06-07 00:00:00,188517.4862
2012-06-06 00:00:00,189280.389
2012-06-05 00:00:00,185967.9755
2012-06-04 00:00:00,188634.8589
2012-06-01 00:00:00,186153.8058
2012-05-31 00:00:00,189374.936
2012-05-30 00:00:00,191777.7406
2012-05-29 00:00:00,193769.7538
2012-05-25 00:00:00,192853.6242
2012-05-24 00:00:00,196808.3043
2012-05-23 00:00:00,198699.2498
2012-05-22 00:00:00,195875.8761
2012-05-21 00:00:00,200215.2712
2012-05-18 00:00:00,195745.4686
2012-05-17 00:00:00,203129.9348
2012-05-16 00:00:00,205046.9632
2012-05-15 00:00:00,199237.1917
2012-05-14 00:00:00,196919.1562
2012-05-11 00:00:00,197320.1698
2012-05-10 00:00:00,200068.5586
2012-05-09 00:00:00,198598.1822
2012-05-08 00:00:00,199784.9178
2012-05-07 00:00:00,198076.5454
2012-05-04 00:00:00,194627.1971
2012-05-03 00:00:00,199207.8517
2012-05-02 00:00:00,197981.9984
2012-05-01 00:00:00,197059.3481
2012-04-30 00:00:00,197196.2764
2012-04-27 00:00:00,200498.9121
2012-04-26 00:00:00,200658.6661
2012-04-25 00:00:00,198784.019
2012-04-24 00:00:00,196029.1094
2012-04-23 00:00:00,194832.596
2012-04-20 00:00:00,194319.3875
2012-04-19 00:00:00,195375.6486
2012-04-18 00:00:00,197992.4106
2012-04-17 00:00:00,198683.4059
2012-04-16 00:00:00,197542.6121
2012-04-13 00:00:00,203582.2869
2012-04-12 00:00:00,212168.0474
2012-04-11 00:00:00,207263.1632
2012-04-10 00:00:00,204297.418
2012-04-09 00:00:00,205594.525
2012-04-05 00:00:00,206076.8677
2012-04-04 00:00:00,206999.181
2012-04-03 00:00:00,209433.6993
2012-04-02 00:00:00,210835.0929
2012-03-30 00:00:00,208983.9802
2012-03-29 00:00:00,210821.6461
2012-03-28 00:00:00,213211.4041
2012-03-27 00:00:00,210369.7088
2012-03-26 00:00:00,211120.7743
2012-03-23 00:00:00,208929.3524
2012-03-22 00:00:00,210054.3265
2012-03-21 00:00:00,208080.7494
2012-03-20 00:00:00,205970.6174
2012-03-19 00:00:00,206129.9294
2012-03-16 00:00:00,203223.2113
2012-03-15 00:00:00,201951.931
2012-03-14 00:00:00,200280.7304
2012-03-13 00:00:00,200862.7263
2012-03-12 00:00:00,196756.2536
2012-03-09 00:00:00,195163.0816
2012-03-08 00:00:00,197403.2723
2012-03-07 00:00:00,197292.729
2012-03-06 00:00:00,196694.4726
2012-03-05 00:00:00,199714.9951
2012-03-02 00:00:00,201990.9486
2012-03-01 00:00:00,202364.8508
2012-02-29 00:00:00,201015.5353
2012-02-28 00:00:00,201061.0558
2012-02-27 00:00:00,198108.8173
2012-02-24 00:00:00,198300.6504
2012-02-23 00:00:00,197068.3812
2012-02-22 00:00:00,197663.3829
2012-02-21 00:00:00,199633.7053
2012-02-17 00:00:00,196590.4322
2012-02-16 00:00:00,197201.688
2012-02-15 00:00:00,196889.5604
2012-02-14 00:00:00,198255.1299
2012-02-13 00:00:00,199048.4612
2012-02-10 00:00:00,197003.3519
2012-02-09 00:00:00,198807.8593
2012-02-08 00:00:00,198284.3898
2012-02-07 00:00:00,197282.9713
2012-02-06 00:00:00,198037.2916
2012-02-03 00:00:00,193888.5466
2012-02-02 00:00:00,190240.5207
2012-02-01 00:00:00,188848.933
2012-01-31 00:00:00,188614.8406
2012-01-30 00:00:00,187828.0057
2012-01-27 00:00:00,188572.5683
2012-01-26 00:00:00,184709.9523
2012-01-25 00:00:00,185161.8895
2012-01-24 00:00:00,188881.4477
2012-01-23 00:00:00,190373.8275
2012-01-20 00:00:00,190526.6366
2012-01-19 00:00:00,207947.4427
2012-01-18 00:00:00,205629.2965
2012-01-17 00:00:00,204222.4997
2012-01-13 00:00:00,203056.1262
2012-01-12 00:00:00,204566.8861
2012-01-11 00:00:00,203371.2743
2012-01-10 00:00:00,202455.068
2012-01-09 00:00:00,202234.139
2012-01-06 00:00:00,211188.2439
2012-01-05 00:00:00,214109.0529
2012-01-04 00:00:00,217120.8289
2012-01-03 00:00:00,216188.3805
2011-12-30 00:00:00,209198.9198
2011-12-29 00:00:00,208065.3108
2011-12-28 00:00:00,207190.8134
2011-12-27 00:00:00,207368.9538
2011-12-23 00:00:00,205066.1168
2011-12-22 00:00:00,203951.9417
2011-12-21 00:00:00,202695.2582
2011-12-20 00:00:00,204168.9434
2011-12-19 00:00:00,201402.9491
2011-12-16 00:00:00,202740.6038
2011-12-15 00:00:00,200661.2464
2011-12-14 00:00:00,200185.1332
2011-12-13 00:00:00,202633.7209
2011-12-12 00:00:00,202555.9855
2011-12-09 00:00:00,203213.4813
2011-12-08 00:00:00,199530.8797
2011-12-07 00:00:00,201908.2098
2011-12-06 00:00:00,202031.2909
2011-12-05 00:00:00,202640.1988
2011-12-02 00:00:00,200926.8359
2011-12-01 00:00:00,198792.4127
2011-11-30 00:00:00,194134.9152
2011-11-29 00:00:00,188803.7237
2011-11-28 00:00:00,190507.3729
2011-11-25 00:00:00,182348.6499
2011-11-23 00:00:00,184651.4869
2011-11-22 00:00:00,187854.7331
2011-11-21 00:00:00,188159.1903
2011-11-18 00:00:00,192674.1794
2011-11-17 00:00:00,194614.2641
2011-11-16 00:00:00,198047.4743
2011-11-15 00:00:00,199696.0577
2011-11-14 00:00:00,198543.0213
2011-11-11 00:00:00,197036.9464
2011-11-10 00:00:00,192738.9589
2011-11-09 00:00:00,194640.1759
2011-11-08 00:00:00,198329.2554
2011-11-07 00:00:00,197030.4684
2011-11-04 00:00:00,193082.2773
2011-11-03 00:00:00,193522.765
2011-11-02 00:00:00,189415.8739
2011-11-01 00:00:00,187417.4876
2011-10-31 00:00:00,191948.6748
2011-10-28 00:00:00,194377.8286
2011-10-27 00:00:00,193901.7154
2011-10-26 00:00:00,189898.465
2011-10-25 00:00:00,188878.2169
2011-10-24 00:00:00,193172.9686
2011-10-21 00:00:00,191252.3113
2011-10-20 00:00:00,189043.4014
2011-10-19 00:00:00,188005.6873
2011-10-18 00:00:00,191181.7417
2011-10-17 00:00:00,188559.3128
2011-10-14 00:00:00,191560.5395
2011-10-13 00:00:00,180976.9215
2011-10-12 00:00:00,177580.7119
2011-10-11 00:00:00,175858.323
2011-10-10 00:00:00,173912.5445
2011-10-07 00:00:00,166773.7044
2011-10-06 00:00:00,166640.9631
2011-10-05 00:00:00,163400.1553
2011-10-04 00:00:00,162493.6335
2011-10-03 00:00:00,160428.0644
2011-09-30 00:00:00,166747.803
2011-09-29 00:00:00,170323.2926
2011-09-28 00:00:00,170755.9628
2011-09-27 00:00:00,174146.2797
2011-09-26 00:00:00,171740.7655
2011-09-23 00:00:00,169680.7422
2011-09-22 00:00:00,168114.7364
2011-09-21 00:00:00,174101.0805
2011-09-20 00:00:00,176498.5174
2011-09-19 00:00:00,176513.0462
2011-09-16 00:00:00,176516.2784
2011-09-15 00:00:00,175185.9783
2011-09-14 00:00:00,171798.8871
2011-09-13 00:00:00,170975.5268
2011-09-12 00:00:00,171169.259
2011-09-09 00:00:00,169467.6361
2011-09-08 00:00:00,172732.0326
2011-09-07 00:00:00,172431.7474
2011-09-06 00:00:00,168605.5281
2011-09-02 00:00:00,169464.4104
2011-09-01 00:00:00,171937.7299
2011-08-31 00:00:00,174669.3612
2011-08-30 00:00:00,174585.4078
2011-08-29 00:00:00,174062.3327
2011-08-26 00:00:00,170116.6445
2011-08-25 00:00:00,167914.5462
2011-08-24 00:00:00,168963.9349
2011-08-23 00:00:00,167520.6238
2011-08-22 00:00:00,160852.9944
2011-08-19 00:00:00,158512.0598
2011-08-18 00:00:00,163019.5708
2011-08-17 00:00:00,172147.6038
2011-08-16 00:00:00,174036.5009
2011-08-15 00:00:00,179922.7435
2011-08-12 00:00:00,182034.4304
2011-08-11 00:00:00,181504.891
2011-08-10 00:00:00,177268.6077
2011-08-09 00:00:00,185147.0682
2011-08-08 00:00:00,176303.1723
2011-08-05 00:00:00,186964.9278
2011-08-04 00:00:00,186474.1361
2011-08-03 00:00:00,194110.433
2011-08-02 00:00:00,191278.7066
2011-08-01 00:00:00,195918.6025
2011-07-29 00:00:00,194924.1096
2011-07-28 00:00:00,197265.0443
2011-07-27 00:00:00,196063.9033
2011-07-26 00:00:00,201004.0844
2011-07-25 00:00:00,199861.065
2011-07-22 00:00:00,199618.8949
2011-07-21 00:00:00,195989.64
2011-07-20 00:00:00,192100.3903
2011-07-19 00:00:00,194423.601
2011-07-18 00:00:00,191968.0955
2011-07-15 00:00:00,192832.8468
2011-07-14 00:00:00,170672.0112
2011-07-13 00:00:00,173679.2735
2011-07-12 00:00:00,172307.9339
2011-07-11 00:00:00,170136.3786
2011-07-08 00:00:00,171656.1437
2011-07-07 00:00:00,176370.3243
2011-07-06 00:00:00,172743.5396
2011-07-05 00:00:00,171801.3456
2011-07-01 00:00:00,168119.0576
2011-06-30 00:00:00,163392.6211
2011-06-29 00:00:00,160342.8497
2011-06-28 00:00:00,159079.6219
2011-06-27 00:00:00,155583.1872
2011-06-24 00:00:00,153030.9507
2011-06-23 00:00:00,154751.7774
2011-06-22 00:00:00,156938.258
2011-06-21 00:00:00,158870.155
2011-06-20 00:00:00,156156.794
2011-06-17 00:00:00,156298.5892
2011-06-16 00:00:00,161245.1507
2011-06-15 00:00:00,162076.5605
2011-06-14 00:00:00,163823.1681
2011-06-13 00:00:00,162650.1737
2011-06-10 00:00:00,164188.924
2011-06-09 00:00:00,166517.1934
2011-06-08 00:00:00,167303.4865
2011-06-07 00:00:00,167258.3699
2011-06-06 00:00:00,167912.5453
2011-06-03 00:00:00,168563.4949
2011-06-02 00:00:00,170168.3074
2011-06-01 00:00:00,169375.569
2011-05-31 00:00:00,170477.6659
2011-05-27 00:00:00,167860.9834
2011-05-26 00:00:00,166968.3471
2011-05-25 00:00:00,167464.611
2011-05-24 00:00:00,167010.2379
2011-05-23 00:00:00,167052.1287
2011-05-20 00:00:00,168869.634
2011-05-19 00:00:00,171196.2872
2011-05-18 00:00:00,170732.2495
2011-05-17 00:00:00,170941.71
2011-05-16 00:00:00,167061.7998
2011-05-13 00:00:00,170648.4614
2011-05-12 00:00:00,172420.85
2011-05-11 00:00:00,172549.7483
2011-05-10 00:00:00,174873.1821
2011-05-09 00:00:00,173268.3697
2011-05-06 00:00:00,172501.4123
2011-05-05 00:00:00,172169.4922
2011-05-04 00:00:00,172659.3109
2011-05-03 00:00:00,172047.0327
2011-05-02 00:00:00,173551.9537
2011-04-29 00:00:00,175269.3113
2011-04-28 00:00:00,173294.6725
2011-04-27 00:00:00,173227.027
2011-04-26 00:00:00,171635.7152
2011-04-25 00:00:00,169132.791
2011-04-21 00:00:00,169148.8947
2011-04-20 00:00:00,169351.8378
2011-04-19 00:00:00,167998.9073
2011-04-18 00:00:00,169709.4002
2011-04-15 00:00:00,170952.8105
2011-04-14 00:00:00,186353.7016
2011-04-13 00:00:00,185635.3586
2011-04-12 00:00:00,183808.8965
2011-04-11 00:00:00,185986.4783
2011-04-08 00:00:00,186240.9569
2011-04-07 00:00:00,186833.6697
2011-04-06 00:00:00,184958.8902
2011-04-05 00:00:00,183319.2675
2011-04-04 00:00:00,189307.6047
2011-04-01 00:00:00,190634.7706
2011-03-31 00:00:00,189011.2516
2011-03-30 00:00:00,187074.4068
2011-03-29 00:00:00,187039.0415
2011-03-28 00:00:00,184990.9433
2011-03-25 00:00:00,186399.2152
2011-03-24 00:00:00,188698.0955
2011-03-23 00:00:00,187177.2971
2011-03-22 00:00:00,185621.1268
2011-03-21 00:00:00,185357.4834
2011-03-18 00:00:00,180393.1826
2011-03-17 00:00:00,180489.6358
2011-03-16 00:00:00,179119.9542
2011-03-15 00:00:00,183126.1151
2011-03-14 00:00:00,183264.3707
2011-03-11 00:00:00,185425.0019
2011-03-10 00:00:00,186579.2667
2011-03-09 00:00:00,190267.1206
2011-03-08 00:00:00,190440.7479
2011-03-07 00:00:00,190231.7553
2011-03-04 00:00:00,193112.5926
2011-03-03 00:00:00,195986.9993
2011-03-02 00:00:00,193167.2498
2011-03-01 00:00:00,193157.6071
2011-02-28 00:00:00,197221.6438
2011-02-25 00:00:00,196141.3347
2011-02-24 00:00:00,195749.072
2011-02-23 00:00:00,196552.8829
2011-02-22 00:00:00,196195.9919
2011-02-18 00:00:00,202584.6316
2011-02-17 00:00:00,201034.8985
2011-02-16 00:00:00,200700.518
2011-02-15 00:00:00,200678.0075
2011-02-14 00:00:00,201964.0972
2011-02-11 00:00:00,200790.5405
2011-02-10 00:00:00,198199.0756
2011-02-09 00:00:00,198218.3675
2011-02-08 00:00:00,198822.8285
2011-02-07 00:00:00,197509.4102
2011-02-04 00:00:00,196443.562
2011-02-03 00:00:00,196176.7
2011-02-02 00:00:00,196771.5182
2011-02-01 00:00:00,196462.8539
2011-01-31 00:00:00,193029.0007
2011-01-28 00:00:00,193098.699
2011-01-27 00:00:00,198175.2586
2011-01-26 00:00:00,198082.0816
2011-01-25 00:00:00,199177.7168
2011-01-24 00:00:00,196340.6274
2011-01-21 00:00:00,196581.601
2011-01-20 00:00:00,201381.8395
2011-01-19 00:00:00,202981.9169
2011-01-18 00:00:00,205513.7705
2011-01-14 00:00:00,200549.673
2011-01-13 00:00:00,198143.1275
2011-01-12 00:00:00,198200.957
2011-01-11 00:00:00,197924.6424
2011-01-10 00:00:00,197346.3019
2011-01-07 00:00:00,198062.8029
2011-01-06 00:00:00,197118.1743
2011-01-05 00:00:00,195694.8148
2011-01-04 00:00:00,193461.7708
2011-01-03 00:00:00,194178.2718
2010-12-31 00:00:00,190843.1665
2010-12-30 00:00:00,191500.5124
2010-12-29 00:00:00,192184.8331
2010-12-28 00:00:00,191519.6995
2010-12-27 00:00:00,192626.1173
2010-12-23 00:00:00,193217.7036
2010-12-22 00:00:00,193620.6199
2010-12-21 00:00:00,192846.7657
2010-12-20 00:00:00,190285.3676
2010-12-17 00:00:00,188923.1218
2010-12-16 00:00:00,189214.123
2010-12-15 00:00:00,188763.2357
2010-12-14 00:00:00,190237.4031
2010-12-13 00:00:00,190144.6622
2010-12-10 00:00:00,189374.0091
2010-12-09 00:00:00,189146.9649
2010-12-08 00:00:00,188839.9841
2010-12-07 00:00:00,187752.747
2010-12-06 00:00:00,184945.124
2010-12-03 00:00:00,183231.1274
2010-12-02 00:00:00,182853.7939
2010-12-01 00:00:00,180465.0733
2010-11-30 00:00:00,177702.2138
2010-11-29 00:00:00,186144.2763
2010-11-26 00:00:00,188667.3066
2010-11-24 00:00:00,190256.5838
2010-11-23 00:00:00,186432.0764
2010-11-22 00:00:00,189057.4315
2010-11-19 00:00:00,188932.7185
2010-11-18 00:00:00,190765.026
2010-11-17 00:00:00,186604.7539
2010-11-16 00:00:00,186659.1142
2010-11-15 00:00:00,190416.4763
2010-11-12 00:00:00,192917.1184
2010-11-11 00:00:00,197361.9896
2010-11-10 00:00:00,199181.512
2010-11-09 00:00:00,199801.8758
2010-11-08 00:00:00,200425.4342
2010-11-05 00:00:00,199885.0135
2010-11-04 00:00:00,199625.9972
2010-11-03 00:00:00,198318.118
2010-11-02 00:00:00,196853.5474
2010-11-01 00:00:00,196661.6828
2010-10-29 00:00:00,196245.975
2010-10-28 00:00:00,197806.4748
2010-10-27 00:00:00,197131.7508
2010-10-26 00:00:00,197812.8705
2010-10-25 00:00:00,197141.3475
2010-10-22 00:00:00,195540.4122
2010-10-21 00:00:00,195368.0269
2010-10-20 00:00:00,194087.9002
2010-10-19 00:00:00,194040.0104
2010-10-18 00:00:00,197194.0447
2010-10-15 00:00:00,192003.298
2010-10-14 00:00:00,172683.2552
2010-10-13 00:00:00,173439.841
2010-10-12 00:00:00,172830.1074
2010-10-11 00:00:00,172016.0577
2010-10-08 00:00:00,171221.1627
2010-10-07 00:00:00,169197.22
2010-10-06 00:00:00,170582.7004
2010-10-05 00:00:00,171821.3285
2010-10-04 00:00:00,166751.8881
2010-10-01 00:00:00,167795.787
2010-09-30 00:00:00,167850.0553
2010-09-29 00:00:00,168178.0262
2010-09-28 00:00:00,168012.3003
2010-09-27 00:00:00,169044.9083
2010-09-24 00:00:00,168050.5462
2010-09-23 00:00:00,163649.2152
2010-09-22 00:00:00,164452.354
2010-09-21 00:00:00,163642.8409
2010-09-20 00:00:00,161991.9429
2010-09-17 00:00:00,156213.797
2010-09-16 00:00:00,153316.7609
2010-09-15 00:00:00,153182.9066
2010-09-14 00:00:00,153115.9731
2010-09-13 00:00:00,153702.3914
2010-09-10 00:00:00,151748.7292
2010-09-09 00:00:00,151761.4715
2010-09-08 00:00:00,149976.7192
2010-09-07 00:00:00,148007.118
2010-09-03 00:00:00,149887.4851
2010-09-02 00:00:00,147618.2972
2010-09-01 00:00:00,146711.5773
2010-08-31 00:00:00,143424.122
2010-08-30 00:00:00,144275.0651
2010-08-27 00:00:00,146231.924
2010-08-26 00:00:00,143730.083
2010-08-25 00:00:00,144890.1711
2010-08-24 00:00:00,143860.747
2010-08-23 00:00:00,147901.9449
2010-08-20 00:00:00,147248.593
2010-08-19 00:00:00,149144.8991
2010-08-18 00:00:00,153664.1518
2010-08-17 00:00:00,156331.7188
2010-08-16 00:00:00,154760.4967
2010-08-13 00:00:00,155002.7144
2010-08-12 00:00:00,156806.5897
2010-08-11 00:00:00,156720.5395
2010-08-10 00:00:00,160535.4522
2010-08-09 00:00:00,161058.1337
2010-08-06 00:00:00,159423.1684
2010-08-05 00:00:00,161934.5741
2010-08-04 00:00:00,161367.2787
2010-08-03 00:00:00,156111.8143
2010-08-02 00:00:00,156296.6632
2010-07-30 00:00:00,154524.6532
2010-07-29 00:00:00,154569.2734
2010-07-28 00:00:00,154365.3016
2010-07-27 00:00:00,157004.1872
2010-07-26 00:00:00,155837.7249
2010-07-23 00:00:00,156139.496
2010-07-22 00:00:00,154466.7799
2010-07-21 00:00:00,152137.7133
2010-07-20 00:00:00,153440.846
2010-07-19 00:00:00,148531.0166
2010-07-16 00:00:00,146436.1331
2010-07-15 00:00:00,157401.2045
2010-07-14 00:00:00,156546.0474
2010-07-13 00:00:00,155865.4867
2010-07-12 00:00:00,151605.629
2010-07-09 00:00:00,148948.3967
2010-07-08 00:00:00,145465.9598
2010-07-07 00:00:00,143439.5818
2010-07-06 00:00:00,138937.577
2010-07-02 00:00:00,139090.5096
2010-07-01 00:00:00,140027.2355
2010-06-30 00:00:00,141766.8592
2010-06-29 00:00:00,144675.6721
2010-06-28 00:00:00,150351.1057
2010-06-25 00:00:00,150542.1972
2010-06-24 00:00:00,151312.933
2010-06-23 00:00:00,153526.416
2010-06-22 00:00:00,154864.0562
2010-06-21 00:00:00,155599.7606
2010-06-18 00:00:00,159252.8027
2010-06-17 00:00:00,159268.7243
2010-06-16 00:00:00,159647.7255
2010-06-15 00:00:00,158603.0892
2010-06-14 00:00:00,153889.4891
2010-06-11 00:00:00,155580.6508
2010-06-10 00:00:00,155106.1071
2010-06-09 00:00:00,150968.9696
2010-06-08 00:00:00,154395.8825
2010-06-07 00:00:00,154631.5634
2010-06-04 00:00:00,158835.582
2010-06-03 00:00:00,161026.7734
2010-06-02 00:00:00,157131.6804
2010-06-01 00:00:00,153628.3285
2010-05-28 00:00:00,154666.5948
2010-05-27 00:00:00,156204.8846
2010-05-26 00:00:00,151430.7735
2010-05-25 00:00:00,151940.3549
2010-05-24 00:00:00,151969.0164
2010-05-21 00:00:00,150341.5477
2010-05-20 00:00:00,151284.2715
2010-05-19 00:00:00,157469.2802
2010-05-18 00:00:00,158724.1114
2010-05-17 00:00:00,161781.5876
2010-05-14 00:00:00,161641.4492
2010-05-13 00:00:00,162708.3834
2010-05-12 00:00:00,160959.8924
2010-05-11 00:00:00,162125.5509
2010-05-10 00:00:00,166138.478
2010-05-07 00:00:00,157058.4295
2010-05-06 00:00:00,158819.6603
2010-05-05 00:00:00,162351.6738
2010-05-04 00:00:00,161272.0061
2010-05-03 00:00:00,168988.9347
2010-04-30 00:00:00,167426.7561
2010-04-29 00:00:00,169321.7639
2010-04-28 00:00:00,168427.4148
2010-04-27 00:00:00,168386.0347
2010-04-26 00:00:00,169207.1817
2010-04-23 00:00:00,173456.1409
2010-04-22 00:00:00,174114.9663
2010-04-21 00:00:00,176419.2715
2010-04-20 00:00:00,176654.7952
2010-04-19 00:00:00,175082.5238
2010-04-16 00:00:00,175096.845
2010-04-15 00:00:00,189468.503
2010-04-14 00:00:00,187463.3782
2010-04-13 00:00:00,186753.6275
2010-04-12 00:00:00,182285.0619
2010-04-09 00:00:00,180213.1007
2010-04-08 00:00:00,180617.3053
2010-04-07 00:00:00,179360.1254
2010-04-06 00:00:00,180849.643
2010-04-05 00:00:00,181737.6327
2010-04-01 00:00:00,181034.2476
2010-03-31 00:00:00,180499.5435
2010-03-30 00:00:00,180202.0492
2010-03-29 00:00:00,178847.4598
2010-03-26 00:00:00,178923.7772
2010-03-25 00:00:00,178984.192
2010-03-24 00:00:00,177219.4061
2010-03-23 00:00:00,174570.6357
2010-03-22 00:00:00,177273.461
2010-03-19 00:00:00,178068.4086
2010-03-18 00:00:00,180103.4757
2010-03-17 00:00:00,179836.3775
2010-03-16 00:00:00,179721.9014
2010-03-15 00:00:00,179079.5824
2010-03-12 00:00:00,184281.7264
2010-03-11 00:00:00,184790.49
2010-03-10 00:00:00,183299.1684
2010-03-09 00:00:00,178128.8233
2010-03-08 00:00:00,178856.9963
2010-03-05 00:00:00,179407.1017
2010-03-04 00:00:00,176348.1411
2010-03-03 00:00:00,173400.4736
2010-03-02 00:00:00,172045.8843
2010-03-01 00:00:00,169384.3943
2010-02-26 00:00:00,167511.4984
2010-02-25 00:00:00,167393.8456
2010-02-24 00:00:00,168996.4602
2010-02-23 00:00:00,170141.1831
2010-02-22 00:00:00,172599.1663
2010-02-19 00:00:00,171951.4405
2010-02-18 00:00:00,172732.7154
2010-02-17 00:00:00,171138.6843
2010-02-16 00:00:00,172122.1953
2010-02-12 00:00:00,169521.1265
2010-02-11 00:00:00,170564.0992
2010-02-10 00:00:00,169942.4478
2010-02-09 00:00:00,170576.8188
2010-02-08 00:00:00,169632.4195
2010-02-05 00:00:00,168939.2222
2010-02-04 00:00:00,167504.5033
2010-02-03 00:00:00,171969.5668
2010-02-02 00:00:00,168885.1672
2010-02-01 00:00:00,169489.3276
2010-01-29 00:00:00,168511.2234
2010-01-28 00:00:00,169782.4056
2010-01-27 00:00:00,172264.2026
2010-01-26 00:00:00,172365.8928
2010-01-25 00:00:00,171596.8797
2010-01-22 00:00:00,174777.7778
2010-01-21 00:00:00,185254.7252
2010-01-20 00:00:00,184438.048
2010-01-19 00:00:00,186729.1823
2010-01-15 00:00:00,184307.7606
2010-01-14 00:00:00,187437.8136
2010-01-13 00:00:00,186560.7674
2010-01-12 00:00:00,187638.013
2010-01-11 00:00:00,191015.9294
2010-01-08 00:00:00,191305.1014
2010-01-07 00:00:00,188788.3452
2010-01-06 00:00:00,193287.9968
2010-01-05 00:00:00,198286.5499
2010-01-04 00:00:00,199163.6025
2009-12-31 00:00:00,197012.2859
2009-12-30 00:00:00,197573.774
2009-12-29 00:00:00,196517.2657
2009-12-28 00:00:00,197618.1932
2009-12-24 00:00:00,196225.3743
2009-12-23 00:00:00,194067.9385
2009-12-22 00:00:00,190717.5609
2009-12-21 00:00:00,189943.4226
2009-12-18 00:00:00,189226.3946
2009-12-17 00:00:00,188439.5651
2009-12-16 00:00:00,189651.5374
2009-12-15 00:00:00,188185.7472
2009-12-14 00:00:00,189007.4744
2009-12-11 00:00:00,187351.3225
2009-12-10 00:00:00,187665.4204
2009-12-09 00:00:00,186878.5908
2009-12-08 00:00:00,186253.5709
2009-12-07 00:00:00,185999.7531
2009-12-04 00:00:00,185606.3383
2009-12-03 00:00:00,185837.9434
2009-12-02 00:00:00,186399.5135
2009-12-01 00:00:00,187148.2695
2009-11-30 00:00:00,184968.6273
2009-11-27 00:00:00,183940.6711
2009-11-25 00:00:00,185837.9434
2009-11-24 00:00:00,184997.1793
2009-11-23 00:00:00,184762.3983
2009-11-20 00:00:00,180832.6879
2009-11-19 00:00:00,181792.7506
2009-11-18 00:00:00,182953.9582
2009-11-17 00:00:00,183220.4672
2009-11-16 00:00:00,182836.5676
2009-11-13 00:00:00,181494.5136
2009-11-12 00:00:00,180161.981
2009-11-11 00:00:00,181021.7819
2009-11-10 00:00:00,179816.1551
2009-11-09 00:00:00,178467.7554
2009-11-06 00:00:00,174847.6991
2009-11-05 00:00:00,174070.3848
2009-11-04 00:00:00,171430.6958
2009-11-03 00:00:00,170466.1957
2009-11-02 00:00:00,169419.2027
2009-10-30 00:00:00,170094.9873
2009-10-29 00:00:00,174647.0301
2009-10-28 00:00:00,171239.9777
2009-10-27 00:00:00,173772.2877
2009-10-26 00:00:00,175648.5441
2009-10-23 00:00:00,175483.7391
2009-10-22 00:00:00,175610.5107
2009-10-21 00:00:00,174662.8741
2009-10-20 00:00:00,174859.3736
2009-10-19 00:00:00,174976.64
2009-10-16 00:00:00,174266.7089
2009-10-15 00:00:00,167947.019
2009-10-14 00:00:00,169661.6431
2009-10-13 00:00:00,166742.6667
2009-10-12 00:00:00,166086.6131
2009-10-09 00:00:00,163617.692
2009-10-08 00:00:00,162961.632
2009-10-07 00:00:00,164026.535
2009-10-06 00:00:00,158068.1559
2009-10-05 00:00:00,154829.0811
2009-10-02 00:00:00,153580.3564
2009-10-01 00:00:00,154410.7265
2009-09-30 00:00:00,157152.2138
2009-09-29 00:00:00,157820.2842
2009-09-28 00:00:00,157820.2842
2009-09-25 00:00:00,155905.0286
2009-09-24 00:00:00,157263.1205
2009-09-23 00:00:00,157798.1267
2009-09-22 00:00:00,157988.0691
2009-09-21 00:00:00,157335.931
2009-09-18 00:00:00,155582.1285
2009-09-17 00:00:00,155664.4333
2009-09-16 00:00:00,154578.5948
2009-09-15 00:00:00,151175.4522
2009-09-14 00:00:00,150409.3512
2009-09-11 00:00:00,149465.9711
2009-09-10 00:00:00,149086.0864
2009-09-09 00:00:00,146879.5825
2009-09-08 00:00:00,145185.9273
2009-09-04 00:00:00,146034.3394
2009-09-03 00:00:00,144837.6944
2009-09-02 00:00:00,143409.961
2009-09-01 00:00:00,144280.8469
2009-08-31 00:00:00,146151.4649
2009-08-28 00:00:00,147126.5094
2009-08-27 00:00:00,147541.2149
2009-08-26 00:00:00,148155.3633
2009-08-25 00:00:00,149222.2068
2009-08-24 00:00:00,148386.4643
2009-08-21 00:00:00,147281.6247
2009-08-20 00:00:00,145752.5853
2009-08-19 00:00:00,140548.1563
2009-08-18 00:00:00,140962.8617
2009-08-17 00:00:00,140839.4046
2009-08-14 00:00:00,145622.7966
2009-08-13 00:00:00,146344.5762
2009-08-12 00:00:00,145173.264
2009-08-11 00:00:00,143703.1069
2009-08-10 00:00:00,144549.6151
2009-08-07 00:00:00,144704.7366
2009-08-06 00:00:00,142571.0495
2009-08-05 00:00:00,142817.9701
2009-08-04 00:00:00,143639.1581
2009-08-03 00:00:00,143156.7024
2009-07-31 00:00:00,140256.908
2009-07-30 00:00:00,141011.1915
2009-07-29 00:00:00,138036.8021
2009-07-28 00:00:00,139179.0934
2009-07-27 00:00:00,140745.3934
2009-07-24 00:00:00,141352.9273
2009-07-23 00:00:00,138385.5052
2009-07-22 00:00:00,135331.3783
2009-07-21 00:00:00,135397.8262
2009-07-20 00:00:00,136116.1089
2009-07-17 00:00:00,136141.4236
2009-07-16 00:00:00,140049.2643
2009-07-15 00:00:00,138647.5035
2009-07-14 00:00:00,134382.1084
2009-07-13 00:00:00,134258.7024
2009-07-10 00:00:00,131126.1025
2009-07-09 00:00:00,129857.2439
2009-07-08 00:00:00,127357.4927
2009-07-07 00:00:00,125503.2474
2009-07-06 00:00:00,129610.4319
2009-07-02 00:00:00,129256.0387
2009-07-01 00:00:00,132578.4926
2009-06-30 00:00:00,133401.1952
2009-06-29 00:00:00,134002.4842
2009-06-26 00:00:00,134375.2915
2009-06-25 00:00:00,131358.0756
2009-06-24 00:00:00,129310.7887
2009-06-23 00:00:00,128170.2472
2009-06-22 00:00:00,128697.8664
2009-06-19 00:00:00,132722.9314
2009-06-18 00:00:00,130817.8184
2009-06-17 00:00:00,131165.3498
2009-06-16 00:00:00,131430.7407
2009-06-15 00:00:00,131674.0121
2009-06-12 00:00:00,134223.6423
2009-06-11 00:00:00,135537.9526
2009-06-10 00:00:00,136675.3314
2009-06-09 00:00:00,137629.4661
2009-06-08 00:00:00,138624.6773
2009-06-05 00:00:00,140378.141
2009-06-04 00:00:00,139101.7446
2009-06-03 00:00:00,136375.1892
2009-06-02 00:00:00,135348.3894
2009-06-01 00:00:00,134767.062
2009-05-29 00:00:00,131819.3423
2009-05-28 00:00:00,129661.4827
2009-05-27 00:00:00,128132.3333
2009-05-26 00:00:00,127753.207
2009-05-22 00:00:00,124322.1073
2009-05-21 00:00:00,125269.923
2009-05-20 00:00:00,125484.762
2009-05-19 00:00:00,126021.8566
2009-05-18 00:00:00,125377.3457
2009-05-15 00:00:00,123216.3171
2009-05-14 00:00:00,122426.4696
2009-05-13 00:00:00,123070.9868
2009-05-12 00:00:00,126062.9331
2009-05-11 00:00:00,128896.9048
2009-05-08 00:00:00,128691.5474
2009-05-07 00:00:00,125304.6805
2009-05-06 00:00:00,127472.0218
2009-05-05 00:00:00,127320.3726
2009-05-04 00:00:00,127001.0525
2009-05-01 00:00:00,124382.1345
2009-04-30 00:00:00,125102.4794
2009-04-29 00:00:00,123428.0295
2009-04-28 00:00:00,120981.3501
2009-04-27 00:00:00,121687.6047
2009-04-24 00:00:00,122803.7475
2009-04-23 00:00:00,121290.3349
2009-04-22 00:00:00,121028.6424
2009-04-21 00:00:00,120275.0891
2009-04-20 00:00:00,119590.9026
2009-04-17 00:00:00,123670.8038
2009-04-16 00:00:00,122567.2731
2009-04-15 00:00:00,119653.9633
2009-04-14 00:00:00,116315.0033
2009-04-13 00:00:00,119215.7009
2009-04-09 00:00:00,117446.9019
2009-04-08 00:00:00,114136.3224
2009-04-07 00:00:00,113080.084
2009-04-06 00:00:00,116103.7531
2009-04-03 00:00:00,116589.3079
2009-04-02 00:00:00,114293.9678
2009-04-01 00:00:00,111642.3505
2009-03-31 00:00:00,109741.124
2009-03-30 00:00:00,108047.9978
2009-03-27 00:00:00,109627.6211
2009-03-26 00:00:00,111390.114
2009-03-25 00:00:00,108483.1041
2009-03-24 00:00:00,109458.9384
2009-03-23 00:00:00,109911.7029
2009-03-20 00:00:00,104097.368
2009-03-19 00:00:00,104028.0075
2009-03-18 00:00:00,105024.335
2009-03-17 00:00:00,105730.5897
2009-03-16 00:00:00,100796.2444
2009-03-13 00:00:00,102287.5827
2009-03-12 00:00:00,102006.972
2009-03-11 00:00:00,100235.0231
2009-03-10 00:00:00,97164.0616
2009-03-09 00:00:00,91715.7874
2009-03-06 00:00:00,97290.1767
2009-03-05 00:00:00,96366.3658
2009-03-04 00:00:00,100553.4702
2009-03-03 00:00:00,102621.7918
2009-03-02 00:00:00,103151.489
2009-02-27 00:00:00,106566.1218
2009-02-26 00:00:00,106310.7292
2009-02-25 00:00:00,107716.9386
2009-02-24 00:00:00,108918.2103
2009-02-23 00:00:00,104065.8376
2009-02-20 00:00:00,109233.5012
2009-02-19 00:00:00,108032.2358
2009-02-18 00:00:00,111333.3594
2009-02-17 00:00:00,108038.5419
2009-02-13 00:00:00,112774.2491
2009-02-12 00:00:00,114467.3816
2009-02-11 00:00:00,112887.7584
2009-02-10 00:00:00,113035.9478
2009-02-09 00:00:00,119423.7949
2009-02-06 00:00:00,117062.2442
2009-02-05 00:00:00,111525.6914
2009-02-04 00:00:00,108145.7388
2009-02-03 00:00:00,107341.7432
2009-02-02 00:00:00,107379.5796
2009-01-30 00:00:00,106553.718
2009-01-29 00:00:00,108061.3899
2009-01-28 00:00:00,109745.3233
2009-01-27 00:00:00,104334.6986
2009-01-26 00:00:00,101939.4176
2009-01-23 00:00:00,102200.6685
2009-01-22 00:00:00,96472.1416
2009-01-21 00:00:00,95395.6805
2009-01-20 00:00:00,88996.7286
2009-01-16 00:00:00,94322.3702
2009-01-15 00:00:00,94108.3371
2009-01-14 00:00:00,94731.5507
2009-01-13 00:00:00,98933.5198
2009-01-12 00:00:00,98420.4704
2009-01-09 00:00:00,99169.5833
2009-01-08 00:00:00,102354.8934
2009-01-07 00:00:00,101353.9756
2009-01-06 00:00:00,105146.7643
2009-01-05 00:00:00,103255.093
2009-01-02 00:00:00,101136.798
2008-12-31 00:00:00,96834.1107
2008-12-30 00:00:00,95405.1266
2008-12-29 00:00:00,93614.1735
2008-12-26 00:00:00,94539.5542
2008-12-24 00:00:00,95354.7644
2008-12-23 00:00:00,93803.0255
2008-12-22 00:00:00,93516.5998
2008-12-19 00:00:00,97627.2905
2008-12-18 00:00:00,97661.9114
2008-12-17 00:00:00,99223.0901
2008-12-16 00:00:00,102383.2253
2008-12-15 00:00:00,97784.6662
2008-12-12 00:00:00,99386.7673
2008-12-11 00:00:00,94495.4872
2008-12-10 00:00:00,97202.3687
2008-12-09 00:00:00,96305.3199
2008-12-08 00:00:00,95090.369
2008-12-05 00:00:00,89387.0232
2008-12-04 00:00:00,86349.6491
2008-12-03 00:00:00,87951.7501
2008-12-02 00:00:00,86592.0078
2008-12-01 00:00:00,83721.4491
2008-11-28 00:00:00,92210.3705
2008-11-26 00:00:00,91936.5353
2008-11-25 00:00:00,88776.4001
2008-11-24 00:00:00,81030.3027
2008-11-21 00:00:00,82600.9274
2008-11-20 00:00:00,81697.5833
2008-11-19 00:00:00,88187.8136
2008-11-18 00:00:00,93614.1735
2008-11-17 00:00:00,94464.0108
2008-11-14 00:00:00,97580.0791
2008-11-13 00:00:00,98228.4676
2008-11-12 00:00:00,91593.4521
2008-11-11 00:00:00,98033.3203
2008-11-10 00:00:00,100337.3228
2008-11-07 00:00:00,104227.6851
2008-11-06 00:00:00,104252.8662
2008-11-05 00:00:00,107721.4512
2008-11-04 00:00:00,115495.8805
2008-11-03 00:00:00,109059.1569
2008-10-31 00:00:00,113110.0456
2008-10-30 00:00:00,113103.2388
2008-10-29 00:00:00,112571.8235
2008-10-28 00:00:00,115952.1239
2008-10-27 00:00:00,103606.957
2008-10-24 00:00:00,106688.5335
2008-10-23 00:00:00,110785.7689
2008-10-22 00:00:00,111839.1626
2008-10-21 00:00:00,114065.4433
2008-10-20 00:00:00,119275.8222
2008-10-17 00:00:00,117143.872
2008-10-16 00:00:00,111005.9447
2008-10-15 00:00:00,106650.7987
2008-10-14 00:00:00,114052.865
2008-10-13 00:00:00,119810.3789
2008-10-10 00:00:00,104396.2138
2008-10-09 00:00:00,103446.5875
2008-10-08 00:00:00,106317.4815
2008-10-07 00:00:00,108801.61
2008-10-06 00:00:00,116725.661
2008-10-03 00:00:00,121662.4724
2008-10-02 00:00:00,122788.1879
2008-10-01 00:00:00,129463.8887
2008-09-30 00:00:00,125942.0861
2008-09-29 00:00:00,119804.0897
2008-09-26 00:00:00,135538.9938
2008-09-25 00:00:00,138230.6508
2008-09-24 00:00:00,136818.7897
2008-09-23 00:00:00,134982.422
2008-09-22 00:00:00,135255.9895
2008-09-19 00:00:00,141233.6164
2008-09-18 00:00:00,138067.1399
2008-09-17 00:00:00,130334.904
2008-09-16 00:00:00,139277.7617
2008-09-15 00:00:00,136425.7288
2008-09-12 00:00:00,137620.6247
2008-09-11 00:00:00,136391.1418
2008-09-10 00:00:00,130231.1366
2008-09-09 00:00:00,131646.1455
2008-09-08 00:00:00,132051.7783
2008-09-05 00:00:00,139692.8313
2008-09-04 00:00:00,141582.6533
2008-09-03 00:00:00,146032.0671
2008-09-02 00:00:00,146296.204
2008-08-29 00:00:00,145679.8887
2008-08-28 00:00:00,148978.4305
2008-08-27 00:00:00,147343.3086
2008-08-26 00:00:00,149097.9239
2008-08-25 00:00:00,151880.77
2008-08-22 00:00:00,154264.2789
2008-08-21 00:00:00,152987.6244
2008-08-20 00:00:00,152506.5222
2008-08-19 00:00:00,154235.9747
2008-08-18 00:00:00,156688.6576
2008-08-15 00:00:00,160414.8472
2008-08-14 00:00:00,158949.5253
2008-08-13 00:00:00,157232.6511
2008-08-12 00:00:00,158043.9229
2008-08-11 00:00:00,157487.3512
2008-08-08 00:00:00,155654.1313
2008-08-07 00:00:00,150657.5763
2008-08-06 00:00:00,152927.8809
2008-08-05 00:00:00,150887.1199
2008-08-04 00:00:00,145588.6996
2008-08-01 00:00:00,147116.9064
2008-07-31 00:00:00,148969
2008-07-30 00:00:00,151612.6128
2008-07-29 00:00:00,151741.3917
2008-07-28 00:00:00,149859.9768
2008-07-25 00:00:00,154527.3969
2008-07-24 00:00:00,149388.8355
2008-07-23 00:00:00,153660.4989
2008-07-22 00:00:00,149856.8327
2008-07-21 00:00:00,147246.7249
2008-07-18 00:00:00,151179.1638
2008-07-17 00:00:00,167549.6886
2008-07-16 00:00:00,168228.1251
2008-07-15 00:00:00,162100.175
2008-07-14 00:00:00,163837.109
2008-07-11 00:00:00,167662.7593
2008-07-10 00:00:00,169789.1679
2008-07-09 00:00:00,170096.9759
2008-07-08 00:00:00,174173.902
2008-07-07 00:00:00,170838.2392
2008-07-03 00:00:00,168667.8562
2008-07-02 00:00:00,165539.4885
2008-07-01 00:00:00,167954.8653
2008-06-30 00:00:00,165344.7512
2008-06-27 00:00:00,165863.0048
2008-06-26 00:00:00,166098.5786
2008-06-25 00:00:00,173065.1544
2008-06-24 00:00:00,170332.5497
2008-06-23 00:00:00,171246.56
2008-06-20 00:00:00,171629.7526
2008-06-19 00:00:00,175954.8103
2008-06-18 00:00:00,176639.5351
2008-06-17 00:00:00,178863.3124
2008-06-16 00:00:00,179915.5216
2008-06-13 00:00:00,179507.2008
2008-06-12 00:00:00,173677.6387
2008-06-11 00:00:00,171243.4158
2008-06-10 00:00:00,174060.8313
2008-06-09 00:00:00,175222.9733
2008-06-06 00:00:00,178090.6389
2008-06-05 00:00:00,184152.6306
2008-06-04 00:00:00,179730.2042
2008-06-03 00:00:00,178184.8697
2008-06-02 00:00:00,180603.3843
2008-05-30 00:00:00,183995.5856
2008-05-29 00:00:00,183116.1297
2008-05-28 00:00:00,178480.1136
2008-05-27 00:00:00,176174.6759
2008-05-23 00:00:00,171061.2426
2008-05-22 00:00:00,172581.4552
2008-05-21 00:00:00,172747.9202
2008-05-20 00:00:00,181734.116
2008-05-19 00:00:00,181394.8977
2008-05-16 00:00:00,182195.8687
2008-05-15 00:00:00,182487.9433
2008-05-14 00:00:00,181011.7051
2008-05-13 00:00:00,183116.1297
2008-05-12 00:00:00,183725.4699
2008-05-09 00:00:00,180038.0185
2008-05-08 00:00:00,183119.2676
2008-05-07 00:00:00,181859.757
2008-05-06 00:00:00,184171.4767
2008-05-05 00:00:00,186853.8313
2008-05-02 00:00:00,182579.03
2008-05-01 00:00:00,186282.1834
2008-04-30 00:00:00,180380.3809
2008-04-29 00:00:00,175012.7138
2008-04-28 00:00:00,173022.7618
2008-04-25 00:00:00,170496.9246
2008-04-24 00:00:00,170177.2808
2008-04-23 00:00:00,171258.4371
2008-04-22 00:00:00,173925.2898
2008-04-21 00:00:00,168532.0374
2008-04-18 00:00:00,169039.7145
2008-04-17 00:00:00,140876.3522
2008-04-16 00:00:00,142596.8025
2008-04-15 00:00:00,140030.228
2008-04-14 00:00:00,141540.7173
2008-04-11 00:00:00,143355.178
2008-04-10 00:00:00,146999.7718
2008-04-09 00:00:00,145467.3547
2008-04-08 00:00:00,146601.7839
2008-04-07 00:00:00,149425.3247
2008-04-04 00:00:00,147629.6673
2008-04-03 00:00:00,142625.0044
2008-04-02 00:00:00,145940.5558
2008-04-01 00:00:00,145943.6866
2008-03-31 00:00:00,138034.0019
2008-03-28 00:00:00,137285.0313
2008-03-27 00:00:00,139165.3004
2008-03-26 00:00:00,143587.0793
2008-03-25 00:00:00,141264.9416
2008-03-24 00:00:00,144329.7884
2008-03-20 00:00:00,135865.4215
2008-03-19 00:00:00,135379.6848
2008-03-18 00:00:00,137623.4784
2008-03-17 00:00:00,131578.3966
2008-03-14 00:00:00,137234.8891
2008-03-13 00:00:00,138829.984
2008-03-12 00:00:00,137943.1223
2008-03-11 00:00:00,137836.5764
2008-03-10 00:00:00,129619.7834
2008-03-07 00:00:00,135802.7438
2008-03-06 00:00:00,135599.0505
2008-03-05 00:00:00,140299.7359
2008-03-04 00:00:00,139328.2562
2008-03-03 00:00:00,143220.424
2008-02-29 00:00:00,147657.8692
2008-02-28 00:00:00,148977.1946
2008-02-27 00:00:00,148184.3495
2008-02-26 00:00:00,145467.3547
2008-02-25 00:00:00,152440.0356
2008-02-22 00:00:00,159133.8037
2008-02-21 00:00:00,157585.714
2008-02-20 00:00:00,159509.8576
2008-02-19 00:00:00,159494.1912
2008-02-15 00:00:00,165977.9984
2008-02-14 00:00:00,166795.9208
2008-02-13 00:00:00,167538.6299
2008-02-12 00:00:00,162358.4756
2008-02-11 00:00:00,163320.5505
2008-02-08 00:00:00,161919.7441
2008-02-07 00:00:00,158240.6743
2008-02-06 00:00:00,157225.3265
2008-02-05 00:00:00,158820.4276
2008-02-04 00:00:00,155257.3085
2008-02-01 00:00:00,161672.1765
2008-01-31 00:00:00,176839.7163
2008-01-30 00:00:00,171521.0499
2008-01-29 00:00:00,172224.9409
2008-01-28 00:00:00,173933.0529
2008-01-25 00:00:00,177192.8456
2008-01-24 00:00:00,179723.7255
2008-01-23 00:00:00,171630.5756
2008-01-22 00:00:00,182808.3346
2008-01-18 00:00:00,187782.4963
2008-01-17 00:00:00,187951.4292
2008-01-16 00:00:00,192694.0942
2008-01-15 00:00:00,199482.7308
2008-01-14 00:00:00,204541.3652
2008-01-11 00:00:00,199670.4346
2008-01-10 00:00:00,202323.323
2008-01-09 00:00:00,204347.4043
2008-01-08 00:00:00,197615.0433
2008-01-07 00:00:00,203111.6804
2008-01-04 00:00:00,205536.1975
2008-01-03 00:00:00,214398.9652
2008-01-02 00:00:00,214355.1661
2007-12-31 00:00:00,216322.9344
2007-12-28 00:00:00,219779.8196
2007-12-27 00:00:00,219219.8397
2007-12-26 00:00:00,222379.5266
2007-12-24 00:00:00,219216.708
2007-12-21 00:00:00,217952.8308
2007-12-20 00:00:00,215762.9482
2007-12-19 00:00:00,211908.7527
2007-12-18 00:00:00,210651.1387
2007-12-17 00:00:00,209362.2334
2007-12-14 00:00:00,215847.4147
2007-12-13 00:00:00,217126.9376
2007-12-12 00:00:00,218784.9873
2007-12-11 00:00:00,218739.313
2007-12-10 00:00:00,224750.856
2007-12-07 00:00:00,223640.2722
2007-12-06 00:00:00,223762.2806
2007-12-05 00:00:00,218522.2056
2007-12-04 00:00:00,214032.9398
2007-12-03 00:00:00,213210.172
2007-11-30 00:00:00,216798.4542
2007-11-29 00:00:00,218049.8112
2007-11-28 00:00:00,216566.9513
2007-11-27 00:00:00,210719.9595
2007-11-26 00:00:00,208351.7617
2007-11-23 00:00:00,211699.1524
2007-11-21 00:00:00,206637.3927
2007-11-20 00:00:00,202889.5662
2007-11-19 00:00:00,195791.2111
2007-11-16 00:00:00,198225.1105
2007-11-15 00:00:00,196980.0105
2007-11-14 00:00:00,200743.4764
2007-11-13 00:00:00,206646.7813
2007-11-12 00:00:00,197737.083
2007-11-09 00:00:00,207716.6914
2007-11-08 00:00:00,217061.2359
2007-11-07 00:00:00,229293.2719
2007-11-06 00:00:00,232061.9367
2007-11-05 00:00:00,227012.6909
2007-11-02 00:00:00,222507.792
2007-11-01 00:00:00,219992.5515
2007-10-31 00:00:00,221178.2193
2007-10-30 00:00:00,217352.1772
2007-10-29 00:00:00,212490.6415
2007-10-26 00:00:00,211042.1858
2007-10-25 00:00:00,209136.9875
2007-10-24 00:00:00,211423.8505
2007-10-23 00:00:00,211408.2111
2007-10-22 00:00:00,203580.9432
2007-10-19 00:00:00,201691.3844
2007-10-18 00:00:00,200099.03
2007-10-17 00:00:00,198178.1861
2007-10-16 00:00:00,192709.7336
2007-10-15 00:00:00,193995.5073
2007-10-12 00:00:00,199401.396
2007-10-11 00:00:00,194586.7785
2007-10-10 00:00:00,195647.3062
2007-10-09 00:00:00,192454.7717
2007-10-08 00:00:00,190713.8119
2007-10-05 00:00:00,185842.8877
2007-10-04 00:00:00,181144.0216
2007-10-03 00:00:00,182705.0659
2007-10-02 00:00:00,182820.8486
2007-10-01 00:00:00,182245.1918
2007-09-28 00:00:00,177064.9302
2007-09-27 00:00:00,177136.7266
2007-09-26 00:00:00,177342.736
2007-09-25 00:00:00,177604.9252
2007-09-24 00:00:00,177299.0357
2007-09-21 00:00:00,174826.9231
2007-09-20 00:00:00,172557.7015
2007-09-19 00:00:00,170691.1313
2007-09-18 00:00:00,167076.6058
2007-09-17 00:00:00,163964.618
2007-09-14 00:00:00,165041.4835
2007-09-13 00:00:00,163802.3088
2007-09-12 00:00:00,163137.4621
2007-09-11 00:00:00,162725.4433
2007-09-10 00:00:00,160587.3163
2007-09-07 00:00:00,162107.4151
2007-09-06 00:00:00,163409.0188
2007-09-05 00:00:00,164744.9552
2007-09-04 00:00:00,163917.7993
2007-08-31 00:00:00,160827.6585
2007-08-30 00:00:00,159625.9413
2007-08-29 00:00:00,160087.897
2007-08-28 00:00:00,158065.2668
2007-08-27 00:00:00,160206.5121
2007-08-24 00:00:00,160749.6254
2007-08-23 00:00:00,159872.5264
2007-08-22 00:00:00,160047.3213
2007-08-21 00:00:00,158130.8141
2007-08-20 00:00:00,155418.3592
2007-08-17 00:00:00,156080.0814
2007-08-16 00:00:00,153420.6943
2007-08-15 00:00:00,155302.8687
2007-08-14 00:00:00,158751.9606
2007-08-13 00:00:00,160905.6916
2007-08-10 00:00:00,161068.007
2007-08-09 00:00:00,160783.9583
2007-08-08 00:00:00,164114.4413
2007-08-07 00:00:00,161068.007
2007-08-06 00:00:00,159188.9509
2007-08-03 00:00:00,157004.0053
2007-08-02 00:00:00,159504.2079
2007-08-01 00:00:00,160106.6257
2007-07-31 00:00:00,159188.9509
2007-07-30 00:00:00,161096.0969
2007-07-27 00:00:00,159778.8829
2007-07-26 00:00:00,158564.6799
2007-07-25 00:00:00,159114.0361
2007-07-24 00:00:00,160437.5242
2007-07-23 00:00:00,159972.4127
2007-07-20 00:00:00,162347.7574
2007-07-19 00:00:00,171234.2446
2007-07-18 00:00:00,171518.2934
2007-07-17 00:00:00,173235.0341
2007-07-16 00:00:00,172607.6447
2007-07-13 00:00:00,172348.5676
2007-07-12 00:00:00,170216.6897
2007-07-11 00:00:00,169948.2514
2007-07-10 00:00:00,169595.537
2007-07-09 00:00:00,169352.0702
2007-07-06 00:00:00,168365.7236
2007-07-05 00:00:00,169061.7849
2007-07-03 00:00:00,166786.3204
2007-07-02 00:00:00,165550.2641
2007-06-29 00:00:00,163057.7444
2007-06-28 00:00:00,163565.567
2007-06-27 00:00:00,163964.3478
2007-06-26 00:00:00,165201.1894
2007-06-25 00:00:00,164316.3981
2007-06-22 00:00:00,163556.2234
2007-06-21 00:00:00,160169.6994
2007-06-20 00:00:00,158879.89
2007-06-19 00:00:00,160232.0109
2007-06-18 00:00:00,160509.2874
2007-06-15 00:00:00,157611.8926
2007-06-14 00:00:00,156658.5588
2007-06-13 00:00:00,157338.3573
2007-06-12 00:00:00,157259.8486
2007-06-11 00:00:00,159306.714
2007-06-08 00:00:00,160599.6359
2007-06-07 00:00:00,160456.3258
2007-06-06 00:00:00,161459.5089
2007-06-05 00:00:00,161643.3183
2007-06-04 00:00:00,157976.4052
2007-06-01 00:00:00,155897.4504
2007-05-31 00:00:00,155122.3172
2007-05-30 00:00:00,155337.5998
2007-05-29 00:00:00,151757.9166
2007-05-25 00:00:00,150639.4605
2007-05-24 00:00:00,147776.3401
2007-05-23 00:00:00,147664.1795
2007-05-22 00:00:00,148253.007
2007-05-21 00:00:00,146614.266
2007-05-18 00:00:00,146527.0362
2007-05-17 00:00:00,146726.4266
2007-05-16 00:00:00,147240.4742
2007-05-15 00:00:00,142688.7698
2007-05-14 00:00:00,143866.4187
2007-05-11 00:00:00,145411.6926
2007-05-10 00:00:00,143769.8391
2007-05-09 00:00:00,146193.6793
2007-05-08 00:00:00,145433.4985
2007-05-07 00:00:00,145576.8148
2007-05-04 00:00:00,146776.2695
2007-05-03 00:00:00,147433.6396
2007-05-02 00:00:00,145112.6101
2007-05-01 00:00:00,146115.7932
2007-04-30 00:00:00,146857.2744
2007-04-27 00:00:00,148951.6143
2007-04-26 00:00:00,149626.3907
2007-04-25 00:00:00,148634.4344
2007-04-24 00:00:00,148491.3958
2007-04-23 00:00:00,148973.3789
2007-04-20 00:00:00,150030.6352
2007-04-19 00:00:00,146662.9666
2007-04-18 00:00:00,148018.7386
2007-04-17 00:00:00,147020.5692
2007-04-16 00:00:00,147477.6749
2007-04-13 00:00:00,144996.234
2007-04-12 00:00:00,145338.2913
2007-04-11 00:00:00,144448.9509
2007-04-10 00:00:00,145061.5339
2007-04-09 00:00:00,145593.2717
2007-04-05 00:00:00,146619.4313
2007-04-04 00:00:00,146467.0606
2007-04-03 00:00:00,146958.3758
2007-04-02 00:00:00,142583.2057
2007-03-30 00:00:00,142468.1511
2007-03-29 00:00:00,143326.3948
2007-03-28 00:00:00,143621.804
2007-03-27 00:00:00,144165.9804
2007-03-26 00:00:00,144595.1023
2007-03-23 00:00:00,143609.3653
2007-03-22 00:00:00,143674.6652
2007-03-21 00:00:00,141973.7604
2007-03-20 00:00:00,138463.0222
2007-03-19 00:00:00,139069.3921
2007-03-16 00:00:00,137085.4857
2007-03-15 00:00:00,138745.999
2007-03-14 00:00:00,139308.8272
2007-03-13 00:00:00,137763.3686
2007-03-12 00:00:00,141407.7883
2007-03-09 00:00:00,140851.1794
2007-03-08 00:00:00,141398.4624
2007-03-07 00:00:00,141684.5395
2007-03-06 00:00:00,142278.4706
2007-03-05 00:00:00,137115.0229
2007-03-02 00:00:00,136410.7093
2007-03-01 00:00:00,139380.3465
2007-02-28 00:00:00,139759.7137
2007-02-27 00:00:00,139548.2686
2007-02-26 00:00:00,144573.3315
2007-02-23 00:00:00,148311.0412
2007-02-22 00:00:00,145684.8342
2007-02-21 00:00:00,145687.899
2007-02-20 00:00:00,144536.7494
2007-02-16 00:00:00,143875.448
2007-02-15 00:00:00,141282.2998
2007-02-14 00:00:00,142647.7598
2007-02-13 00:00:00,141683.3627
2007-02-12 00:00:00,140308.7207
2007-02-09 00:00:00,141410.8836
2007-02-08 00:00:00,144209.1603
2007-02-07 00:00:00,143896.8827
2007-02-06 00:00:00,144346.9322
2007-02-05 00:00:00,143024.3294
2007-02-02 00:00:00,147414.6233
2007-02-01 00:00:00,147491.1619
2007-01-31 00:00:00,153537.7649
2007-01-30 00:00:00,151339.5563
2007-01-29 00:00:00,150773.1695
2007-01-26 00:00:00,151804.9172
2007-01-25 00:00:00,149432.1967
2007-01-24 00:00:00,152793.8015
2007-01-23 00:00:00,146664.5366
2007-01-22 00:00:00,147212.5595
2007-01-19 00:00:00,149940.421
2007-01-18 00:00:00,149352.5995
2007-01-17 00:00:00,152245.7848
2007-01-16 00:00:00,154388.8835
2007-01-12 00:00:00,154609.3173
2007-01-11 00:00:00,152992.8068
2007-01-10 00:00:00,149851.6357
2007-01-09 00:00:00,148639.2528
2007-01-08 00:00:00,148051.4314
2007-01-05 00:00:00,149156.659
2007-01-04 00:00:00,147953.4581
2007-01-03 00:00:00,143155.978
2006-12-29 00:00:00,142200.7995
2006-12-28 00:00:00,141616.0122
2006-12-27 00:00:00,143290.6912
2006-12-26 00:00:00,140076.0402
2006-12-22 00:00:00,139479.0307
2006-12-21 00:00:00,139668.8479
2006-12-20 00:00:00,141720.1027
2006-12-19 00:00:00,143474.3851
2006-12-18 00:00:00,141689.486
2006-12-15 00:00:00,147047.2357
2006-12-14 00:00:00,147604.4405
2006-12-13 00:00:00,146646.1728
2006-12-12 00:00:00,147500.3499
2006-12-11 00:00:00,148158.5866
2006-12-08 00:00:00,148213.6966
2006-12-07 00:00:00,147763.6409
2006-12-06 00:00:00,149622.0139
2006-12-05 00:00:00,149098.4904
2006-12-04 00:00:00,148440.2476
2006-12-01 00:00:00,147200.3128
2006-11-30 00:00:00,148428.0071
2006-11-29 00:00:00,148379.0204
2006-11-28 00:00:00,149863.8824
2006-11-27 00:00:00,148409.6371
2006-11-24 00:00:00,154609.3173
2006-11-22 00:00:00,155530.8511
2006-11-21 00:00:00,156032.9459
2006-11-20 00:00:00,151563.0548
2006-11-17 00:00:00,152708.081
2006-11-16 00:00:00,151823.2872
2006-11-15 00:00:00,150607.8396
2006-11-14 00:00:00,150001.6543
2006-11-13 00:00:00,147270.7281
2006-11-10 00:00:00,144980.6756
2006-11-09 00:00:00,144699.0085
2006-11-08 00:00:00,145424.6018
2006-11-07 00:00:00,144680.6446
2006-11-06 00:00:00,146021.6113
2006-11-03 00:00:00,144444.2877
2006-11-02 00:00:00,145035.8162
2006-11-01 00:00:00,143128.426
2006-10-31 00:00:00,147616.6871
2006-10-30 00:00:00,145049.1391
2006-10-27 00:00:00,147687.9455
2006-10-26 00:00:00,147645.3398
2006-10-25 00:00:00,148102.1807
2006-10-24 00:00:00,144056.9231
2006-10-23 00:00:00,147505.36
2006-10-20 00:00:00,139905.4492
2006-10-19 00:00:00,129675.8845
2006-10-18 00:00:00,127621.4504
2006-10-17 00:00:00,128972.8109
2006-10-16 00:00:00,128364.089
2006-10-13 00:00:00,130053.2912
2006-10-12 00:00:00,130095.903
2006-10-11 00:00:00,130847.6758
2006-10-10 00:00:00,133264.2951
2006-10-09 00:00:00,130570.7082
2006-10-06 00:00:00,127983.6417
2006-10-05 00:00:00,125338.7479
2006-10-04 00:00:00,126522.7079
2006-10-03 00:00:00,122973.8624
2006-10-02 00:00:00,122182.5306
2006-09-29 00:00:00,122322.5348
2006-09-28 00:00:00,122833.8582
2006-09-27 00:00:00,122632.9801
2006-09-26 00:00:00,123835.2084
2006-09-25 00:00:00,122955.6063
2006-09-22 00:00:00,124011.737
2006-09-21 00:00:00,123829.121
2006-09-20 00:00:00,120831.164
2006-09-19 00:00:00,122940.3847
2006-09-18 00:00:00,126166.6101
2006-09-15 00:00:00,124751.3289
2006-09-14 00:00:00,122955.6063
2006-09-13 00:00:00,123801.7247
2006-09-12 00:00:00,119278.9253
2006-09-11 00:00:00,116901.8711
2006-09-08 00:00:00,115002.6627
2006-09-07 00:00:00,116189.6695
2006-09-06 00:00:00,115699.6489
2006-09-05 00:00:00,116984.048
2006-09-01 00:00:00,115197.4535
2006-08-31 00:00:00,115209.6283
2006-08-30 00:00:00,115885.3055
2006-08-29 00:00:00,116363.1513
2006-08-28 00:00:00,115946.1795
2006-08-25 00:00:00,113605.6437
2006-08-24 00:00:00,114561.3353
2006-08-23 00:00:00,113657.3896
2006-08-22 00:00:00,115136.5795
2006-08-21 00:00:00,114835.2622
2006-08-18 00:00:00,116679.6901
2006-08-17 00:00:00,117413.1946
2006-08-16 00:00:00,118006.701
2006-08-15 00:00:00,115952.2669
2006-08-14 00:00:00,112439.9458
2006-08-11 00:00:00,112156.8908
2006-08-10 00:00:00,113891.7454
2006-08-09 00:00:00,114673.9492
2006-08-08 00:00:00,115961.395
2006-08-07 00:00:00,115574.8602
2006-08-04 00:00:00,115864.0027
2006-08-03 00:00:00,114253.9306
2006-08-02 00:00:00,114795.6972
2006-08-01 00:00:00,114290.455
2006-07-31 00:00:00,117665.8187
2006-07-28 00:00:00,117633.5184
2006-07-27 00:00:00,115872.5949
2006-07-26 00:00:00,116839.4342
2006-07-25 00:00:00,118009.3439
2006-07-24 00:00:00,118476.0979
2006-07-21 00:00:00,118236.0564
2006-07-20 00:00:00,117330.4357
2006-07-19 00:00:00,120931.0874
2006-07-18 00:00:00,124437.7887
2006-07-17 00:00:00,123625.5187
2006-07-14 00:00:00,122294.9718
2006-07-13 00:00:00,123910.4218
2006-07-12 00:00:00,126462.3956
2006-07-11 00:00:00,128826.4627
2006-07-10 00:00:00,128881.0501
2006-07-07 00:00:00,127432.2688
2006-07-06 00:00:00,128262.7245
2006-07-05 00:00:00,127738.3856
2006-07-03 00:00:00,128265.7585
2006-06-30 00:00:00,127092.8147
2006-06-29 00:00:00,126632.1287
2006-06-28 00:00:00,123086.0281
2006-06-27 00:00:00,123658.8562
2006-06-26 00:00:00,122513.194
2006-06-23 00:00:00,122707.1686
2006-06-22 00:00:00,121219.0184
2006-06-21 00:00:00,121879.747
2006-06-20 00:00:00,117345.5874
2006-06-19 00:00:00,117639.5803
2006-06-16 00:00:00,118415.4789
2006-06-15 00:00:00,118506.4073
2006-06-14 00:00:00,116503.014
2006-06-13 00:00:00,117150.0988
2006-06-12 00:00:00,115639.2149
2006-06-09 00:00:00,117163.7366
2006-06-08 00:00:00,119203.5013
2006-06-07 00:00:00,117145.5509
2006-06-06 00:00:00,118200.2906
2006-06-05 00:00:00,113487.3082
2006-06-02 00:00:00,117318.3119
2006-06-01 00:00:00,115966.5513
2006-05-31 00:00:00,112693.23
2006-05-30 00:00:00,115475.5498
2006-05-26 00:00:00,115581.6299
2006-05-25 00:00:00,116002.9227
2006-05-24 00:00:00,115551.3204
2006-05-23 00:00:00,113832.8302
2006-05-22 00:00:00,112429.5405
2006-05-19 00:00:00,112147.6713
2006-05-18 00:00:00,112441.6643
2006-05-17 00:00:00,113505.4938
2006-05-16 00:00:00,112535.6206
2006-05-15 00:00:00,114020.743
2006-05-12 00:00:00,113393.3518
2006-05-11 00:00:00,117294.0643
2006-05-10 00:00:00,122137.3685
2006-05-09 00:00:00,123901.326
2006-05-08 00:00:00,119652.0695
2006-05-05 00:00:00,119506.59
2006-05-04 00:00:00,119642.9736
2006-05-03 00:00:00,119467.1847
2006-05-02 00:00:00,121988.855
2006-05-01 00:00:00,120900.7779
2006-04-28 00:00:00,124227.3267
2006-04-27 00:00:00,124848.551
2006-04-26 00:00:00,126614.1415
2006-04-25 00:00:00,126967.8558
2006-04-24 00:00:00,130932.9987
2006-04-21 00:00:00,129922.3905
2006-04-20 00:00:00,123650.6864
2006-04-19 00:00:00,122015.8784
2006-04-18 00:00:00,120155.1751
2006-04-17 00:00:00,120922.0471
2006-04-13 00:00:00,119536.9203
2006-04-12 00:00:00,122262.59
2006-04-11 00:00:00,121766.2033
2006-04-10 00:00:00,123763.6341
2006-04-07 00:00:00,122714.3868
2006-04-06 00:00:00,122218.0001
2006-04-05 00:00:00,121269.8166
2006-04-04 00:00:00,120184.8997
2006-04-03 00:00:00,115833.3483
2006-03-31 00:00:00,115922.5163
2006-03-30 00:00:00,115458.8296
2006-03-29 00:00:00,117402.762
2006-03-28 00:00:00,112117.8805
2006-03-27 00:00:00,109885.628
2006-03-24 00:00:00,108729.3779
2006-03-23 00:00:00,101622.438
2006-03-22 00:00:00,102279.3319
2006-03-21 00:00:00,101036.8773
2006-03-20 00:00:00,103495.0312
2006-03-17 00:00:00,100998.2383
2006-03-16 00:00:00,100695.0528
2006-03-15 00:00:00,102398.2245
2006-03-14 00:00:00,104377.8265
2006-03-13 00:00:00,100186.7822
2006-03-10 00:00:00,100317.5647
2006-03-09 00:00:00,101952.3667
2006-03-08 00:00:00,105186.3071
2006-03-07 00:00:00,108328.1041
2006-03-06 00:00:00,109413.021
2006-03-03 00:00:00,112409.1761
2006-03-02 00:00:00,113277.106
2006-03-01 00:00:00,109814.2948
2006-02-28 00:00:00,107784.1639
2006-02-27 00:00:00,115374.6027
2006-02-24 00:00:00,111539.8691
2006-02-23 00:00:00,111737.8836
2006-02-22 00:00:00,108019.8908
2006-02-21 00:00:00,108344.992
2006-02-17 00:00:00,108983.3781
2006-02-16 00:00:00,108306.5725
2006-02-15 00:00:00,101189.7709
2006-02-14 00:00:00,101467.5889
2006-02-13 00:00:00,102170.9917
2006-02-10 00:00:00,107168.7093
2006-02-09 00:00:00,106033.8047
2006-02-08 00:00:00,109080.909
2006-02-07 00:00:00,108738.0744
2006-02-06 00:00:00,113815.5895
2006-02-03 00:00:00,112767.8699
2006-02-02 00:00:00,117048.8861
2006-02-01 00:00:00,118745.332
2006-01-31 00:00:00,127871.8583
2006-01-30 00:00:00,126145.8568
2006-01-27 00:00:00,128117.162
2006-01-26 00:00:00,128346.2145
2006-01-25 00:00:00,127889.5917
2006-01-24 00:00:00,130936.6902
2006-01-23 00:00:00,126346.8298
2006-01-20 00:00:00,118059.6626
2006-01-19 00:00:00,128990.5058
2006-01-18 00:00:00,131492.3261
2006-01-17 00:00:00,138053.4918
2006-01-13 00:00:00,137799.3184
2006-01-12 00:00:00,137024.9819
2006-01-11 00:00:00,139389.3695
2006-01-10 00:00:00,138836.6921
2006-01-09 00:00:00,137991.4277
2006-01-06 00:00:00,137624.9484
2006-01-05 00:00:00,133363.1419
2006-01-04 00:00:00,132689.2949
2006-01-03 00:00:00,128631.4199
2005-12-30 00:00:00,122611.1035
2005-12-29 00:00:00,124174.5515
2005-12-28 00:00:00,126107.4373
2005-12-27 00:00:00,125501.5595
2005-12-23 00:00:00,127360.5589
2005-12-22 00:00:00,127930.9698
2005-12-21 00:00:00,126001.0366
2005-12-20 00:00:00,127008.8605
2005-12-19 00:00:00,131876.5329
2005-12-16 00:00:00,127130.0301
2005-12-15 00:00:00,124877.9543
2005-12-14 00:00:00,123822.8471
2005-12-13 00:00:00,123388.3927
2005-12-12 00:00:00,121946.7107
2005-12-09 00:00:00,120938.2964
2005-12-08 00:00:00,121366.8456
2005-12-07 00:00:00,119404.4041
2005-12-06 00:00:00,119561.0465
2005-12-05 00:00:00,119948.2118
2005-12-02 00:00:00,123450.4567
2005-12-01 00:00:00,122383.5273
2005-11-30 00:00:00,119671.2856
2005-11-29 00:00:00,119265.4951
2005-11-28 00:00:00,125158.7249
2005-11-25 00:00:00,126692.623
2005-11-23 00:00:00,124975.4852
2005-11-22 00:00:00,123086.936
2005-11-21 00:00:00,120985.5855
2005-11-18 00:00:00,118281.3217
2005-11-17 00:00:00,119238.8979
2005-11-16 00:00:00,117672.4914
2005-11-15 00:00:00,116091.31
2005-11-14 00:00:00,117320.7871
2005-11-11 00:00:00,115381.996
2005-11-10 00:00:00,115588.8803
2005-11-09 00:00:00,112057.0796
2005-11-08 00:00:00,115234.2174
2005-11-07 00:00:00,116830.1796
2005-11-04 00:00:00,115390.8598
2005-11-03 00:00:00,114066.8044
2005-11-02 00:00:00,112213.7161
2005-11-01 00:00:00,112125.0549
2005-10-31 00:00:00,109985.2849
2005-10-28 00:00:00,100016.9148
2005-10-27 00:00:00,98589.9798
2005-10-26 00:00:00,99254.5794
2005-10-25 00:00:00,96872.6273
2005-10-24 00:00:00,97540.0223
2005-10-21 00:00:00,94915.1229
2005-10-20 00:00:00,84666.8586
2005-10-19 00:00:00,86202.7051
2005-10-18 00:00:00,84689.1988
2005-10-17 00:00:00,85169.4971
2005-10-14 00:00:00,82695.3943
2005-10-13 00:00:00,83058.412
2005-10-12 00:00:00,84044.1441
2005-10-11 00:00:00,85476.6698
2005-10-10 00:00:00,86747.2287
2005-10-07 00:00:00,87400.6583
2005-10-06 00:00:00,87333.6431
2005-10-05 00:00:00,86763.9839
2005-10-04 00:00:00,86844.9645
2005-10-03 00:00:00,88989.56
2005-09-30 00:00:00,88369.6408
2005-09-29 00:00:00,86459.6066
2005-09-28 00:00:00,85448.7445
2005-09-27 00:00:00,87665.9402
2005-09-26 00:00:00,87760.8862
2005-09-23 00:00:00,88062.4682
2005-09-22 00:00:00,86948.2853
2005-09-21 00:00:00,87096.2865
2005-09-20 00:00:00,85982.098
2005-09-19 00:00:00,84831.615
2005-09-16 00:00:00,83829.1277
2005-09-15 00:00:00,84504.8975
2005-09-14 00:00:00,87481.6388
2005-09-13 00:00:00,87034.8509
2005-09-12 00:00:00,86493.1169
2005-09-09 00:00:00,83521.9551
2005-09-08 00:00:00,82485.963
2005-09-07 00:00:00,82340.7571
2005-09-06 00:00:00,80173.8213
2005-09-02 00:00:00,80548.0091
2005-09-01 00:00:00,79933.6694
2005-08-31 00:00:00,79863.859
2005-08-30 00:00:00,80218.4962
2005-08-29 00:00:00,80548.0091
2005-08-26 00:00:00,79188.0892
2005-08-25 00:00:00,78911.6372
2005-08-24 00:00:00,78906.0521
2005-08-23 00:00:00,78071.111
2005-08-22 00:00:00,76515.7196
2005-08-19 00:00:00,78188.3916
2005-08-18 00:00:00,78185.6019
2005-08-17 00:00:00,80023.0248
2005-08-16 00:00:00,80363.7077
2005-08-15 00:00:00,79305.3699
2005-08-12 00:00:00,80902.9253
2005-08-11 00:00:00,79319.3297
2005-08-10 00:00:00,79774.498
2005-08-09 00:00:00,81419.2503
2005-08-08 00:00:00,81329.8894
2005-08-05 00:00:00,81637.0564
2005-08-04 00:00:00,83139.3925
2005-08-03 00:00:00,83695.0919
2005-08-02 00:00:00,83547.0906
2005-08-01 00:00:00,81430.4204
2005-07-29 00:00:00,79933.0625
2005-07-28 00:00:00,81527.501
2005-07-27 00:00:00,82480.2746
2005-07-26 00:00:00,82246.9459
2005-07-25 00:00:00,82180.2774
2005-07-22 00:00:00,83999.7139
2005-07-21 00:00:00,88277.4768
2005-07-20 00:00:00,86666.3711
2005-07-19 00:00:00,86083.0438
2005-07-18 00:00:00,83205.2752
2005-07-15 00:00:00,83663.6074
2005-07-14 00:00:00,83580.2717
2005-07-13 00:00:00,83016.3867
2005-07-12 00:00:00,81050.8367
2005-07-11 00:00:00,81485.836
2005-07-08 00:00:00,82285.8304
2005-07-07 00:00:00,82094.1667
2005-07-06 00:00:00,80978.89
2005-07-05 00:00:00,82141.3875
2005-07-01 00:00:00,80902.5032
2005-06-30 00:00:00,81708.0588
2005-06-29 00:00:00,81310.8339
2005-06-28 00:00:00,83888.6053
2005-06-27 00:00:00,84471.9381
2005-06-24 00:00:00,82569.166
2005-06-23 00:00:00,80474.7302
2005-06-22 00:00:00,80360.841
2005-06-21 00:00:00,79955.2853
2005-06-20 00:00:00,79638.621
2005-06-17 00:00:00,77860.8495
2005-06-16 00:00:00,77305.2953
2005-06-15 00:00:00,76333.0739
2005-06-14 00:00:00,77319.1818
2005-06-13 00:00:00,78541.3989
2005-06-10 00:00:00,78471.9554
2005-06-09 00:00:00,79530.2874
2005-06-08 00:00:00,77655.2939
2005-06-07 00:00:00,81421.9481
2005-06-06 00:00:00,80816.3925
2005-06-03 00:00:00,77849.7381
2005-06-02 00:00:00,79971.9524
2005-06-01 00:00:00,79999.731
2005-05-31 00:00:00,77019.1846
2005-05-27 00:00:00,73888.6396
2005-05-26 00:00:00,71999.754
2005-05-25 00:00:00,72446.9747
2005-05-24 00:00:00,71110.8683
2005-05-23 00:00:00,70958.0946
2005-05-20 00:00:00,67113.6604
2005-05-19 00:00:00,66438.6667
2005-05-18 00:00:00,66433.111
2005-05-17 00:00:00,64758.1119
2005-05-16 00:00:00,64180.3403
2005-05-13 00:00:00,63677.5625
2005-05-12 00:00:00,63533.1196
2005-05-11 00:00:00,64247.0033
2005-05-10 00:00:00,63277.5626
2005-05-09 00:00:00,62783.1211
2005-05-06 00:00:00,63338.6754
2005-05-05 00:00:00,63049.784
2005-05-04 00:00:00,63472.0068
2005-05-03 00:00:00,62830.3419
2005-05-02 00:00:00,61747.0119
2005-04-29 00:00:00,61016.8275
2005-04-28 00:00:00,60864.289
2005-04-27 00:00:00,60955.8144
2005-04-26 00:00:00,60670.1441
2005-04-25 00:00:00,61995.8702
2005-04-22 00:00:00,59854.7342
2005-04-21 00:00:00,56640.2595
2005-04-20 00:00:00,54942.8795
2005-04-19 00:00:00,53084.6429
2005-04-18 00:00:00,51855.9838
2005-04-15 00:00:00,51309.6082
2005-04-14 00:00:00,53098.5081
2005-04-13 00:00:00,53508.9866
2005-04-12 00:00:00,53793.2714
2005-04-11 00:00:00,53592.1884
2005-04-08 00:00:00,53264.9172
2005-04-07 00:00:00,53739.1853
2005-04-06 00:00:00,52480.0195
2005-04-05 00:00:00,52299.7452
2005-04-04 00:00:00,51390.0392
2005-04-01 00:00:00,49933.9522
2005-03-31 00:00:00,50064.3076
2005-03-30 00:00:00,50047.6661
2005-03-29 00:00:00,49803.6023
2005-03-28 00:00:00,50316.6949
2005-03-24 00:00:00,49009.8114
2005-03-23 00:00:00,48935.9896
2005-03-22 00:00:00,48832.0937
2005-03-21 00:00:00,49455.4796
2005-03-18 00:00:00,49225.8086
2005-03-17 00:00:00,49020.7484
2005-03-16 00:00:00,48011.8422
2005-03-15 00:00:00,48834.8253
2005-03-14 00:00:00,47845.0615
2005-03-11 00:00:00,48613.3596
2005-03-10 00:00:00,49209.4031
2005-03-09 00:00:00,49583.9864
2005-03-08 00:00:00,50636.635
2005-03-07 00:00:00,51623.6673
2005-03-04 00:00:00,50828.0267
2005-03-03 00:00:00,51130.1539
2005-03-02 00:00:00,50631.1665
2005-03-01 00:00:00,51880.6808
2005-02-28 00:00:00,51399.4701
2005-02-25 00:00:00,50819.8267
2005-02-24 00:00:00,51645.5412
2005-02-23 00:00:00,53029.0252
2005-02-22 00:00:00,52323.612
2005-02-18 00:00:00,54122.6903
2005-02-17 00:00:00,54109.0218
2005-02-16 00:00:00,54248.46
2005-02-15 00:00:00,54639.4488
2005-02-14 00:00:00,52766.5487
2005-02-11 00:00:00,51238.1524
2005-02-10 00:00:00,51396.7332
2005-02-09 00:00:00,52381.0284
2005-02-08 00:00:00,54311.3449
2005-02-07 00:00:00,53597.7317
2005-02-04 00:00:00,55875.2891
2005-02-03 00:00:00,57652.4934
2005-02-02 00:00:00,56312.7518
2005-02-01 00:00:00,55708.5029
2005-01-31 00:00:00,53485.6304
2005-01-28 00:00:00,52041.993
2005-01-27 00:00:00,51424.0756
2005-01-26 00:00:00,51741.237
2005-01-25 00:00:00,48427.4365
2005-01-24 00:00:00,49411.7317
2005-01-21 00:00:00,51478.7605
2005-01-20 00:00:00,53020.8252
2005-01-19 00:00:00,53944.9726
2005-01-18 00:00:00,55749.5138
2005-01-14 00:00:00,54674.9913
2005-01-13 00:00:00,53406.34
2005-01-12 00:00:00,53420.014
2005-01-11 00:00:00,52916.9239
2005-01-10 00:00:00,53332.5182
2005-01-07 00:00:00,53001.6828
2005-01-06 00:00:00,51552.5824
2005-01-05 00:00:00,52908.7239
2005-01-04 00:00:00,53179.4059
2005-01-03 00:00:00,55424.1524
2004-12-31 00:00:00,52711.8638
2004-12-30 00:00:00,54026.9944
2004-12-29 00:00:00,52741.9377
2004-12-28 00:00:00,52703.6638
2004-12-27 00:00:00,52471.2557
2004-12-23 00:00:00,51374.8592
2004-12-22 00:00:00,50937.3965
2004-12-21 00:00:00,50240.1832
2004-12-20 00:00:00,50587.4241
2004-12-17 00:00:00,49236.7455
2004-12-16 00:00:00,48249.7133
2004-12-15 00:00:00,49154.7237
2004-12-14 00:00:00,48856.6992
2004-12-13 00:00:00,46603.7528
2004-12-10 00:00:00,46931.8512
2004-12-09 00:00:00,47418.5303
2004-12-08 00:00:00,46475.246
2004-12-07 00:00:00,46871.6978
2004-12-06 00:00:00,48200.5024
2004-12-03 00:00:00,49324.2414
2004-12-02 00:00:00,49050.8224
2004-12-01 00:00:00,49203.9401
2004-11-30 00:00:00,49756.2356
2004-11-29 00:00:00,49501.9591
2004-11-26 00:00:00,49048.0909
2004-11-24 00:00:00,47782.1766
2004-11-23 00:00:00,45802.6437
2004-11-22 00:00:00,46344.0077
2004-11-19 00:00:00,46316.6653
2004-11-18 00:00:00,45808.1122
2004-11-17 00:00:00,47164.2538
2004-11-16 00:00:00,47176.5565
2004-11-15 00:00:00,50546.4077
2004-11-12 00:00:00,49761.7041
2004-11-11 00:00:00,50040.5916
2004-11-10 00:00:00,45895.6025
2004-11-09 00:00:00,46125.2736
2004-11-08 00:00:00,47177.9277
2004-11-05 00:00:00,46302.9913
2004-11-04 00:00:00,50499.9283
2004-11-03 00:00:00,52405.6393
2004-11-02 00:00:00,53280.5703
2004-11-01 00:00:00,53597.7317
