Period,MSFT Dividend Yield (TTM)
2015-05-04 00:00:00,2.5719371891
2015-05-01 00:00:00,2.3636
2015-04-30 00:00:00,2.3643
2015-04-29 00:00:00,2.3441
2015-04-28 00:00:00,2.3395
2015-04-27 00:00:00,2.3943
2015-04-24 00:00:00,2.4023
2015-04-23 00:00:00,2.6534
2015-04-22 00:00:00,2.6754
2015-04-21 00:00:00,2.6973
2015-04-20 00:00:00,2.6803
2015-04-17 00:00:00,2.7634
2015-04-16 00:00:00,2.7277
2015-04-15 00:00:00,2.7216
2015-04-14 00:00:00,2.7611
2015-04-13 00:00:00,2.7538
2015-04-10 00:00:00,2.7565
2015-04-09 00:00:00,2.7724
2015-04-08 00:00:00,2.7764
2015-04-07 00:00:00,2.7691
2015-04-06 00:00:00,2.7681
2015-04-02 00:00:00,2.8543
2015-04-01 00:00:00,2.8242
2015-03-31 00:00:00,2.8287
2015-03-30 00:00:00,2.8076
2015-03-27 00:00:00,2.8069
2015-03-26 00:00:00,2.7906
2015-03-25 00:00:00,2.7738
2015-03-24 00:00:00,2.6807
2015-03-23 00:00:00,2.6835
2015-03-20 00:00:00,2.6819
2015-03-19 00:00:00,2.7196
2015-03-18 00:00:00,2.7059
2015-03-17 00:00:00,2.7581
2015-03-16 00:00:00,2.7671
2015-03-13 00:00:00,2.7791
2015-03-12 00:00:00,2.8035
2015-03-11 00:00:00,2.7394
2015-03-10 00:00:00,2.7361
2015-03-09 00:00:00,2.6838
2015-03-06 00:00:00,2.7148
2015-03-05 00:00:00,2.6676
2015-03-04 00:00:00,2.671
2015-03-03 00:00:00,2.6571
2015-03-02 00:00:00,2.6208
2015-02-27 00:00:00,2.6226
2015-02-26 00:00:00,2.6104
2015-02-25 00:00:00,2.6142
2015-02-24 00:00:00,2.6083
2015-02-23 00:00:00,2.6048
2015-02-20 00:00:00,2.6223
2015-02-19 00:00:00,2.6437
2015-02-18 00:00:00,2.6419
2015-02-17 00:00:00,2.6388
2015-02-13 00:00:00,2.6214
2015-02-12 00:00:00,2.6688
2015-02-11 00:00:00,2.7135
2015-02-10 00:00:00,2.6995
2015-02-09 00:00:00,2.7148
2015-02-06 00:00:00,2.7116
2015-02-05 00:00:00,2.7091
2015-02-04 00:00:00,2.7486
2015-02-03 00:00:00,2.7644
2015-02-02 00:00:00,2.7859
2015-01-30 00:00:00,2.8465
2015-01-29 00:00:00,2.7374
2015-01-28 00:00:00,2.7919
2015-01-27 00:00:00,2.6957
2015-01-26 00:00:00,2.4463
2015-01-23 00:00:00,2.4375
2015-01-22 00:00:00,2.4401
2015-01-21 00:00:00,2.5044
2015-01-20 00:00:00,2.479
2015-01-16 00:00:00,2.487
2015-01-15 00:00:00,2.5286
2015-01-14 00:00:00,2.5024
2015-01-13 00:00:00,2.4809
2015-01-12 00:00:00,2.4678
2015-01-09 00:00:00,2.437
2015-01-08 00:00:00,2.4165
2015-01-07 00:00:00,2.4876
2015-01-06 00:00:00,2.5192
2015-01-05 00:00:00,2.4825
2015-01-02 00:00:00,2.4594
2014-12-31 00:00:00,2.4758
2014-12-30 00:00:00,2.4458
2014-12-29 00:00:00,2.4236
2014-12-26 00:00:00,2.4018
2014-12-24 00:00:00,2.3889
2014-12-23 00:00:00,2.3736
2014-12-22 00:00:00,2.3968
2014-12-19 00:00:00,2.4129
2014-12-18 00:00:00,2.42
2014-12-17 00:00:00,2.5142
2014-12-16 00:00:00,2.5465
2014-12-15 00:00:00,2.4641
2014-12-12 00:00:00,2.4494
2014-12-11 00:00:00,2.438
2014-12-10 00:00:00,2.452
2014-12-09 00:00:00,2.4165
2014-12-08 00:00:00,2.4112
2014-12-05 00:00:00,2.3751
2014-12-04 00:00:00,2.3546
2014-12-03 00:00:00,2.3918
2014-12-02 00:00:00,2.3731
2014-12-01 00:00:00,2.3653
2014-11-28 00:00:00,2.4054
2014-11-26 00:00:00,2.4084
2014-11-25 00:00:00,2.4226
2014-11-24 00:00:00,2.4165
2014-11-21 00:00:00,2.3968
2014-11-20 00:00:00,2.3614
2014-11-19 00:00:00,2.3849
2014-11-18 00:00:00,2.3595
2014-11-17 00:00:00,2.2645
2014-11-14 00:00:00,2.259
2014-11-13 00:00:00,2.2576
2014-11-12 00:00:00,2.296
2014-11-11 00:00:00,2.2918
2014-11-10 00:00:00,2.2909
2014-11-07 00:00:00,2.3007
2014-11-06 00:00:00,2.2998
2014-11-05 00:00:00,2.3402
2014-11-04 00:00:00,2.3544
2014-11-03 00:00:00,2.3609
2014-10-31 00:00:00,2.3855
2014-10-30 00:00:00,2.4321
2014-10-29 00:00:00,2.4024
2014-10-28 00:00:00,2.4091
2014-10-27 00:00:00,2.4396
2014-10-24 00:00:00,2.4279
2014-10-23 00:00:00,2.4878
2014-10-22 00:00:00,2.5237
2014-10-21 00:00:00,2.4955
2014-10-20 00:00:00,2.5408
2014-10-17 00:00:00,2.567
2014-10-16 00:00:00,2.6205
2014-10-15 00:00:00,2.5914
2014-10-14 00:00:00,2.5612
2014-10-13 00:00:00,2.5659
2014-10-10 00:00:00,2.5437
2014-10-09 00:00:00,2.4427
2014-10-08 00:00:00,2.3942
2014-10-07 00:00:00,2.4599
2014-10-06 00:00:00,2.43
2014-10-03 00:00:00,2.43
2014-10-02 00:00:00,2.4476
2014-10-01 00:00:00,2.4401
2014-09-30 00:00:00,2.4159
2014-09-29 00:00:00,2.4117
2014-09-26 00:00:00,2.4133
2014-09-25 00:00:00,2.4327
2014-09-24 00:00:00,2.3789
2014-09-23 00:00:00,2.4055
2014-09-22 00:00:00,2.3799
2014-09-19 00:00:00,2.3569
2014-09-18 00:00:00,2.3993
2014-09-17 00:00:00,2.4076
2014-09-16 00:00:00,2.3952
2014-09-15 00:00:00,2.4221
2014-09-12 00:00:00,2.3985
2014-09-11 00:00:00,2.383
2014-09-10 00:00:00,2.3911
2014-09-09 00:00:00,2.3952
2014-09-08 00:00:00,2.4102
2014-09-05 00:00:00,2.4396
2014-09-04 00:00:00,2.4746
2014-09-03 00:00:00,2.4911
2014-09-02 00:00:00,2.4839
2014-08-29 00:00:00,2.4653
2014-08-28 00:00:00,2.4955
2014-08-27 00:00:00,2.4961
2014-08-26 00:00:00,2.4886
2014-08-25 00:00:00,2.4795
2014-08-22 00:00:00,2.4806
2014-08-21 00:00:00,2.4768
2014-08-20 00:00:00,2.4917
2014-08-19 00:00:00,2.4708
2014-08-18 00:00:00,2.372
2014-08-15 00:00:00,2.3889
2014-08-14 00:00:00,2.417
2014-08-13 00:00:00,2.4274
2014-08-12 00:00:00,2.4586
2014-08-11 00:00:00,2.4769
2014-08-08 00:00:00,2.4769
2014-08-07 00:00:00,2.4751
2014-08-06 00:00:00,2.5035
2014-08-05 00:00:00,2.4838
2014-08-04 00:00:00,2.4671
2014-08-01 00:00:00,2.4965
2014-07-31 00:00:00,2.4791
2014-07-30 00:00:00,2.4553
2014-07-29 00:00:00,2.4382
2014-07-28 00:00:00,2.4335
2014-07-25 00:00:00,2.4045
2014-07-24 00:00:00,2.4099
2014-07-23 00:00:00,2.3847
2014-07-22 00:00:00,2.3868
2014-07-21 00:00:00,2.3865
2014-07-18 00:00:00,2.3943
2014-07-17 00:00:00,2.4029
2014-07-16 00:00:00,2.4274
2014-07-15 00:00:00,2.5206
2014-07-14 00:00:00,2.5392
2014-07-11 00:00:00,2.5422
2014-07-10 00:00:00,2.5669
2014-07-09 00:00:00,2.5678
2014-07-08 00:00:00,2.561
2014-07-07 00:00:00,2.5482
2014-07-03 00:00:00,2.5598
2014-07-02 00:00:00,2.5537
2014-07-01 00:00:00,2.5555
2014-06-30 00:00:00,2.5659
2014-06-27 00:00:00,2.5325
2014-06-26 00:00:00,2.5647
2014-06-25 00:00:00,2.5458
2014-06-24 00:00:00,2.5632
2014-06-23 00:00:00,2.5482
2014-06-20 00:00:00,2.5672
2014-06-19 00:00:00,2.5777
2014-06-18 00:00:00,2.569
2014-06-17 00:00:00,2.5672
2014-06-16 00:00:00,2.5783
2014-06-13 00:00:00,2.5952
2014-06-12 00:00:00,2.6368
2014-06-11 00:00:00,2.6187
2014-06-10 00:00:00,2.6028
2014-06-09 00:00:00,2.5927
2014-06-06 00:00:00,2.5796
2014-06-05 00:00:00,2.5965
2014-06-04 00:00:00,2.6538
2014-06-03 00:00:00,2.6557
2014-06-02 00:00:00,2.6232
2014-05-30 00:00:00,2.6136
2014-05-29 00:00:00,2.6525
2014-05-28 00:00:00,2.6743
2014-05-27 00:00:00,2.6624
2014-05-23 00:00:00,2.667
2014-05-22 00:00:00,2.6683
2014-05-21 00:00:00,2.6518
2014-05-20 00:00:00,2.6966
2014-05-19 00:00:00,2.6918
2014-05-16 00:00:00,2.6864
2014-05-15 00:00:00,2.702
2014-05-14 00:00:00,2.659
2014-05-13 00:00:00,2.6472
2014-05-12 00:00:00,2.5519
2014-05-09 00:00:00,2.5797
2014-05-08 00:00:00,2.5732
2014-05-07 00:00:00,2.5872
2014-05-06 00:00:00,2.6114
2014-05-05 00:00:00,2.5869
2014-05-02 00:00:00,2.5699
2014-05-01 00:00:00,2.55
2014-04-30 00:00:00,2.5248
2014-04-29 00:00:00,2.5179
2014-04-28 00:00:00,2.4957
2014-04-25 00:00:00,2.5558
2014-04-24 00:00:00,2.559
2014-04-23 00:00:00,2.5699
2014-04-22 00:00:00,2.5506
2014-04-21 00:00:00,2.5538
2014-04-17 00:00:00,2.5494
2014-04-16 00:00:00,2.5248
2014-04-15 00:00:00,2.566
2014-04-14 00:00:00,2.6034
2014-04-11 00:00:00,2.6014
2014-04-10 00:00:00,2.5915
2014-04-09 00:00:00,2.5204
2014-04-08 00:00:00,2.5615
2014-04-07 00:00:00,2.5628
2014-04-04 00:00:00,2.5583
2014-04-03 00:00:00,2.4872
2014-04-02 00:00:00,2.4667
2014-04-01 00:00:00,2.4626
2014-03-31 00:00:00,2.4884
2014-03-28 00:00:00,2.531
2014-03-27 00:00:00,2.5915
2014-03-26 00:00:00,2.5635
2014-03-25 00:00:00,2.5285
2014-03-24 00:00:00,2.5185
2014-03-21 00:00:00,2.5398
2014-03-20 00:00:00,2.5291
2014-03-19 00:00:00,2.5974
2014-03-18 00:00:00,2.579
2014-03-17 00:00:00,2.6807
2014-03-14 00:00:00,2.7056
2014-03-13 00:00:00,2.692
2014-03-12 00:00:00,2.6653
2014-03-11 00:00:00,2.6828
2014-03-10 00:00:00,2.697
2014-03-07 00:00:00,2.6913
2014-03-06 00:00:00,2.6737
2014-03-05 00:00:00,2.6765
2014-03-04 00:00:00,2.6556
2014-03-03 00:00:00,2.6998
2014-02-28 00:00:00,2.6625
2014-02-27 00:00:00,2.6941
2014-02-26 00:00:00,2.7222
2014-02-25 00:00:00,2.7171
2014-02-24 00:00:00,2.7063
2014-02-21 00:00:00,2.6856
2014-02-20 00:00:00,2.702
2014-02-19 00:00:00,2.7193
2014-02-18 00:00:00,2.7258
2014-02-14 00:00:00,2.5784
2014-02-13 00:00:00,2.5791
2014-02-12 00:00:00,2.5887
2014-02-11 00:00:00,2.6093
2014-02-10 00:00:00,2.6359
2014-02-07 00:00:00,2.6532
2014-02-06 00:00:00,2.681
2014-02-05 00:00:00,2.708
2014-02-04 00:00:00,2.6685
2014-02-03 00:00:00,2.659
2014-01-31 00:00:00,2.5634
2014-01-30 00:00:00,2.6316
2014-01-29 00:00:00,2.6459
2014-01-28 00:00:00,2.6744
2014-01-27 00:00:00,2.6922
2014-01-24 00:00:00,2.6355
2014-01-23 00:00:00,2.6903
2014-01-22 00:00:00,2.6997
2014-01-21 00:00:00,2.6818
2014-01-17 00:00:00,2.6663
2014-01-16 00:00:00,2.6294
2014-01-15 00:00:00,2.6387
2014-01-14 00:00:00,2.711
2014-01-13 00:00:00,2.773
2014-01-10 00:00:00,2.6915
2014-01-09 00:00:00,2.7301
2014-01-08 00:00:00,2.7125
2014-01-07 00:00:00,2.6641
2014-01-06 00:00:00,2.6848
2014-01-03 00:00:00,2.628
2014-01-02 00:00:00,2.6103
2013-12-31 00:00:00,2.5929
2013-12-30 00:00:00,2.6012
2013-12-27 00:00:00,2.6012
2013-12-26 00:00:00,2.5908
2013-12-24 00:00:00,2.616
2013-12-23 00:00:00,2.6488
2013-12-20 00:00:00,2.6359
2013-12-19 00:00:00,2.6759
2013-12-18 00:00:00,2.6517
2013-12-17 00:00:00,2.6561
2013-12-16 00:00:00,2.6298
2013-12-13 00:00:00,2.6438
2013-12-12 00:00:00,2.6061
2013-12-11 00:00:00,2.5791
2013-12-10 00:00:00,2.5453
2013-12-09 00:00:00,2.5061
2013-12-06 00:00:00,2.5287
2013-12-05 00:00:00,2.5526
2013-12-04 00:00:00,2.491
2013-12-03 00:00:00,2.532
2013-12-02 00:00:00,2.5228
2013-11-29 00:00:00,2.5439
2013-11-27 00:00:00,2.5798
2013-11-26 00:00:00,2.5971
2013-11-25 00:00:00,2.577
2013-11-22 00:00:00,2.5818
2013-11-21 00:00:00,2.5936
2013-11-20 00:00:00,2.616
2013-11-19 00:00:00,2.6402
2013-11-18 00:00:00,2.4731
2013-11-15 00:00:00,2.4312
2013-11-14 00:00:00,2.4197
2013-11-13 00:00:00,2.4112
2013-11-12 00:00:00,2.4625
2013-11-11 00:00:00,2.4475
2013-11-08 00:00:00,2.4352
2013-11-07 00:00:00,2.4533
2013-11-06 00:00:00,2.4096
2013-11-05 00:00:00,2.5109
2013-11-04 00:00:00,2.5598
2013-11-01 00:00:00,2.5897
2013-10-31 00:00:00,2.5985
2013-10-30 00:00:00,2.5886
2013-10-29 00:00:00,2.5901
2013-10-28 00:00:00,2.5864
2013-10-25 00:00:00,2.5749
2013-10-24 00:00:00,2.7284
2013-10-23 00:00:00,2.7251
2013-10-22 00:00:00,2.6605
2013-10-21 00:00:00,2.6293
2013-10-18 00:00:00,2.6316
2013-10-17 00:00:00,2.6346
2013-10-16 00:00:00,2.6559
2013-10-15 00:00:00,2.6674
2013-10-14 00:00:00,2.6705
2013-10-11 00:00:00,2.6956
2013-10-10 00:00:00,2.7251
2013-10-09 00:00:00,2.782
2013-10-08 00:00:00,2.787
2013-10-07 00:00:00,2.7628
2013-10-04 00:00:00,2.7155
2013-10-03 00:00:00,2.7171
2013-10-02 00:00:00,2.7123
2013-10-01 00:00:00,2.7397
2013-09-30 00:00:00,2.7644
2013-09-27 00:00:00,2.7653
2013-09-26 00:00:00,2.8074
2013-09-25 00:00:00,2.8303
2013-09-24 00:00:00,2.8347
2013-09-23 00:00:00,2.81
2013-09-20 00:00:00,2.8056
2013-09-19 00:00:00,2.7348
2013-09-18 00:00:00,2.7611
2013-09-17 00:00:00,2.7938
2013-09-16 00:00:00,2.8048
2013-09-13 00:00:00,2.7853
2013-09-12 00:00:00,2.8143
2013-09-11 00:00:00,2.81
2013-09-10 00:00:00,2.8404
2013-09-09 00:00:00,2.9063
2013-09-06 00:00:00,2.9533
2013-09-05 00:00:00,2.9454
2013-09-04 00:00:00,2.9492
2013-09-03 00:00:00,2.8858
2013-08-30 00:00:00,2.7545
2013-08-29 00:00:00,2.7422
2013-08-28 00:00:00,2.7862
2013-08-27 00:00:00,2.7661
2013-08-26 00:00:00,2.694
2013-08-23 00:00:00,2.6475
2013-08-22 00:00:00,2.8404
2013-08-21 00:00:00,2.9105
2013-08-20 00:00:00,2.9096
2013-08-19 00:00:00,2.9306
2013-08-16 00:00:00,2.8931
2013-08-15 00:00:00,2.894
2013-08-14 00:00:00,2.8439
2013-08-13 00:00:00,2.8545
2013-08-12 00:00:00,2.7076
2013-08-09 00:00:00,2.7217
2013-08-08 00:00:00,2.706
2013-08-07 00:00:00,2.7758
2013-08-06 00:00:00,2.8182
2013-08-05 00:00:00,2.8076
2013-08-02 00:00:00,2.7908
2013-08-01 00:00:00,2.8102
2013-07-31 00:00:00,2.7952
2013-07-30 00:00:00,2.7943
2013-07-29 00:00:00,2.8218
2013-07-26 00:00:00,2.8147
2013-07-25 00:00:00,2.8353
2013-07-24 00:00:00,2.7847
2013-07-23 00:00:00,2.797
2013-07-22 00:00:00,2.7804
2013-07-19 00:00:00,2.8344
2013-07-18 00:00:00,2.5113
2013-07-17 00:00:00,2.4902
2013-07-16 00:00:00,2.4538
2013-07-15 00:00:00,2.4606
2013-07-12 00:00:00,2.4951
2013-07-11 00:00:00,2.494
2013-07-10 00:00:00,2.5648
2013-07-09 00:00:00,2.591
2013-07-08 00:00:00,2.5929
2013-07-05 00:00:00,2.6016
2013-07-03 00:00:00,2.6169
2013-07-02 00:00:00,2.6223
2013-07-01 00:00:00,2.5902
2013-06-28 00:00:00,2.5764
2013-06-27 00:00:00,2.5708
2013-06-26 00:00:00,2.591
2013-06-25 00:00:00,2.6433
2013-06-24 00:00:00,2.6398
2013-06-21 00:00:00,2.6755
2013-06-20 00:00:00,2.6575
2013-06-19 00:00:00,2.573
2013-06-18 00:00:00,2.5443
2013-06-17 00:00:00,2.5429
2013-06-14 00:00:00,2.5872
2013-06-13 00:00:00,2.5637
2013-06-12 00:00:00,2.5429
2013-06-11 00:00:00,2.5545
2013-06-10 00:00:00,2.5092
2013-06-07 00:00:00,2.4951
2013-06-06 00:00:00,2.5458
2013-06-05 00:00:00,2.5589
2013-06-04 00:00:00,2.5436
2013-06-03 00:00:00,2.5007
2013-05-31 00:00:00,2.5501
2013-05-30 00:00:00,2.5407
2013-05-29 00:00:00,2.5516
2013-05-28 00:00:00,2.5414
2013-05-24 00:00:00,2.5971
2013-05-23 00:00:00,2.6061
2013-05-22 00:00:00,2.5715
2013-05-21 00:00:00,2.5538
2013-05-20 00:00:00,2.5371
2013-05-17 00:00:00,2.5523
2013-05-16 00:00:00,2.6115
2013-05-15 00:00:00,2.6296
2013-05-14 00:00:00,2.6543
2013-05-13 00:00:00,2.6037
2013-05-10 00:00:00,2.6308
2013-05-09 00:00:00,2.6332
2013-05-08 00:00:00,2.6069
2013-05-07 00:00:00,2.5818
2013-05-06 00:00:00,2.5481
2013-05-03 00:00:00,2.5679
2013-05-02 00:00:00,2.5935
2013-05-01 00:00:00,2.6284
2013-04-30 00:00:00,2.5982
2013-04-29 00:00:00,2.6372
2013-04-26 00:00:00,2.7053
2013-04-25 00:00:00,2.6925
2013-04-24 00:00:00,2.7078
2013-04-23 00:00:00,2.8105
2013-04-22 00:00:00,2.7895
2013-04-19 00:00:00,2.8893
2013-04-18 00:00:00,2.9871
2013-04-17 00:00:00,2.9835
2013-04-16 00:00:00,2.9686
2013-04-15 00:00:00,2.9976
2013-04-12 00:00:00,2.9871
2013-04-11 00:00:00,2.9722
2013-04-10 00:00:00,2.8402
2013-04-09 00:00:00,2.9044
2013-04-08 00:00:00,3.008
2013-04-05 00:00:00,2.9965
2013-04-04 00:00:00,3.0075
2013-04-03 00:00:00,3.0112
2013-04-02 00:00:00,2.9861
2013-04-01 00:00:00,3.0059
2013-03-28 00:00:00,3.0065
2013-03-27 00:00:00,3.0314
2013-03-26 00:00:00,3.0545
2013-03-25 00:00:00,3.054
2013-03-22 00:00:00,3.0442
2013-03-21 00:00:00,3.0594
2013-03-20 00:00:00,3.0373
2013-03-19 00:00:00,3.0518
2013-03-18 00:00:00,3.0605
2013-03-15 00:00:00,3.0676
2013-03-14 00:00:00,3.0567
2013-03-13 00:00:00,3.0808
2013-03-12 00:00:00,3.0813
2013-03-11 00:00:00,3.0858
2013-03-08 00:00:00,3.0714
2013-03-07 00:00:00,3.0561
2013-03-06 00:00:00,3.0616
2013-03-05 00:00:00,3.0335
2013-03-04 00:00:00,3.0551
2013-03-01 00:00:00,3.0769
2013-02-28 00:00:00,3.0935
2013-02-27 00:00:00,3.0924
2013-02-26 00:00:00,3.1421
2013-02-25 00:00:00,3.1421
2013-02-22 00:00:00,3.098
2013-02-21 00:00:00,3.1284
2013-02-20 00:00:00,3.0858
2013-02-19 00:00:00,3.0665
2013-02-15 00:00:00,2.9632
2013-02-14 00:00:00,2.9601
2013-02-13 00:00:00,2.9611
2013-02-12 00:00:00,2.977
2013-02-11 00:00:00,2.9792
2013-02-08 00:00:00,3.0127
2013-02-07 00:00:00,3.0422
2013-02-06 00:00:00,3.0358
2013-02-05 00:00:00,3.0187
2013-02-04 00:00:00,3.0248
2013-02-01 00:00:00,2.9717
2013-01-31 00:00:00,3.0237
2013-01-30 00:00:00,2.9803
2013-01-29 00:00:00,2.9632
2013-01-28 00:00:00,2.9737
2013-01-25 00:00:00,2.977
2013-01-24 00:00:00,3.004
2013-01-23 00:00:00,3.0062
2013-01-22 00:00:00,3.0571
2013-01-18 00:00:00,3.0459
2013-01-17 00:00:00,3.0459
2013-01-16 00:00:00,3.0695
2013-01-15 00:00:00,3.0503
2013-01-14 00:00:00,3.0866
2013-01-11 00:00:00,3.0936
2013-01-10 00:00:00,3.1368
2013-01-09 00:00:00,3.1086
2013-01-08 00:00:00,3.1262
2013-01-07 00:00:00,3.1098
2013-01-04 00:00:00,3.104
2013-01-03 00:00:00,3.0459
2013-01-02 00:00:00,3.0051
2012-12-31 00:00:00,3.1075
2012-12-28 00:00:00,3.1262
2012-12-27 00:00:00,3.0786
2012-12-26 00:00:00,3.0901
2012-12-24 00:00:00,3.0673
2012-12-21 00:00:00,3.0237
2012-12-20 00:00:00,2.9986
2012-12-19 00:00:00,3.0392
2012-12-18 00:00:00,3.0116
2012-12-17 00:00:00,3.0633
2012-12-14 00:00:00,3.0959
2012-12-13 00:00:00,3.0616
2012-12-12 00:00:00,3.047
2012-12-11 00:00:00,3.0381
2012-12-10 00:00:00,3.0809
2012-12-07 00:00:00,3.1374
2012-12-06 00:00:00,3.1057
2012-12-05 00:00:00,3.1121
2012-12-04 00:00:00,3.1475
2012-12-03 00:00:00,3.1404
2012-11-30 00:00:00,3.1185
2012-11-29 00:00:00,3.0798
2012-11-28 00:00:00,3.0336
2012-11-27 00:00:00,3.065
2012-11-26 00:00:00,3.0309
2012-11-23 00:00:00,2.9964
2012-11-21 00:00:00,3.0798
2012-11-20 00:00:00,3.1074
2012-11-19 00:00:00,3.1054
2012-11-16 00:00:00,3.1296
2012-11-15 00:00:00,3.1132
2012-11-14 00:00:00,3.0924
2012-11-13 00:00:00,3.0639
2012-11-12 00:00:00,2.8349
2012-11-09 00:00:00,2.7749
2012-11-08 00:00:00,2.7768
2012-11-07 00:00:00,2.751
2012-11-06 00:00:00,2.6792
2012-11-05 00:00:00,2.7
2012-11-02 00:00:00,2.7119
2012-11-01 00:00:00,2.7105
2012-10-31 00:00:00,2.8031
2012-10-26 00:00:00,2.8359
2012-10-25 00:00:00,2.8694
2012-10-24 00:00:00,2.8672
2012-10-23 00:00:00,2.8524
2012-10-22 00:00:00,2.8571
2012-10-19 00:00:00,2.7933
2012-10-18 00:00:00,2.7123
2012-10-17 00:00:00,2.7036
2012-10-16 00:00:00,2.7128
2012-10-15 00:00:00,2.7109
2012-10-12 00:00:00,2.7397
2012-10-11 00:00:00,2.7634
2012-10-10 00:00:00,2.7605
2012-10-09 00:00:00,2.7322
2012-10-08 00:00:00,2.6864
2012-10-05 00:00:00,2.6801
2012-10-04 00:00:00,2.664
2012-10-03 00:00:00,2.6792
2012-10-02 00:00:00,2.6972
2012-10-01 00:00:00,2.7128
2012-09-28 00:00:00,2.6882
2012-09-27 00:00:00,2.6525
2012-09-26 00:00:00,2.6521
2012-09-25 00:00:00,2.6324
2012-09-24 00:00:00,2.5991
2012-09-21 00:00:00,2.5649
2012-09-20 00:00:00,2.5437
2012-09-19 00:00:00,2.5763
2012-09-18 00:00:00,2.5662
2012-09-17 00:00:00,2.5633
2012-09-14 00:00:00,2.5633
2012-09-13 00:00:00,2.5861
2012-09-12 00:00:00,2.5991
2012-09-11 00:00:00,2.5982
2012-09-10 00:00:00,2.6042
2012-09-07 00:00:00,2.5848
2012-09-06 00:00:00,2.5522
2012-09-05 00:00:00,2.6324
2012-09-04 00:00:00,2.6329
2012-08-31 00:00:00,2.5957
2012-08-30 00:00:00,2.6385
2012-08-29 00:00:00,2.6101
2012-08-28 00:00:00,2.6118
2012-08-27 00:00:00,2.6067
2012-08-24 00:00:00,2.6178
2012-08-23 00:00:00,2.6442
2012-08-22 00:00:00,2.6195
2012-08-21 00:00:00,2.5974
2012-08-20 00:00:00,2.6025
2012-08-17 00:00:00,2.589
2012-08-16 00:00:00,2.5991
2012-08-15 00:00:00,2.649
2012-08-14 00:00:00,2.6552
2012-08-13 00:00:00,2.5008
2012-08-10 00:00:00,2.4984
2012-08-09 00:00:00,2.4918
2012-08-08 00:00:00,2.5058
2012-08-07 00:00:00,2.5116
2012-08-06 00:00:00,2.5376
2012-08-03 00:00:00,2.5546
2012-08-02 00:00:00,2.6036
2012-08-01 00:00:00,2.5842
2012-07-31 00:00:00,2.5789
2012-07-30 00:00:00,2.5641
2012-07-27 00:00:00,2.5542
2012-07-26 00:00:00,2.6063
2012-07-25 00:00:00,2.6361
2012-07-24 00:00:00,2.6072
2012-07-23 00:00:00,2.5956
2012-07-20 00:00:00,2.5237
2012-07-19 00:00:00,2.4784
2012-07-18 00:00:00,2.4959
2012-07-17 00:00:00,2.5624
2012-07-16 00:00:00,2.5815
2012-07-13 00:00:00,2.5859
2012-07-12 00:00:00,2.6546
2012-07-11 00:00:00,2.5939
2012-07-10 00:00:00,2.5555
2012-07-09 00:00:00,2.5333
2012-07-06 00:00:00,2.5178
2012-07-05 00:00:00,2.4756
2012-07-03 00:00:00,2.4707
2012-07-02 00:00:00,2.4869
2012-06-29 00:00:00,2.4845
2012-06-28 00:00:00,2.541
2012-06-27 00:00:00,2.5191
2012-06-26 00:00:00,2.5316
2012-06-25 00:00:00,2.5448
2012-06-22 00:00:00,2.4756
2012-06-21 00:00:00,2.522
2012-06-20 00:00:00,2.4572
2012-06-19 00:00:00,2.4756
2012-06-18 00:00:00,2.5469
2012-06-15 00:00:00,2.5316
2012-06-14 00:00:00,2.5903
2012-06-13 00:00:00,2.609
2012-06-12 00:00:00,2.5947
2012-06-11 00:00:00,2.6302
2012-06-08 00:00:00,2.5632
2012-06-07 00:00:00,2.6001
2012-06-06 00:00:00,2.5894
2012-06-05 00:00:00,2.6662
2012-06-04 00:00:00,2.662
2012-06-01 00:00:00,2.6714
2012-05-31 00:00:00,2.6036
2012-05-30 00:00:00,2.5903
2012-05-29 00:00:00,2.571
2012-05-25 00:00:00,2.6153
2012-05-24 00:00:00,2.6144
2012-05-23 00:00:00,2.6108
2012-05-22 00:00:00,2.5538
2012-05-21 00:00:00,2.5546
2012-05-18 00:00:00,2.5965
2012-05-17 00:00:00,2.5572
2012-05-16 00:00:00,2.5418
2012-05-15 00:00:00,2.5157
2012-05-14 00:00:00,2.3468
2012-05-11 00:00:00,2.3107
2012-05-10 00:00:00,2.3422
2012-05-09 00:00:00,2.3407
2012-05-08 00:00:00,2.3607
2012-05-07 00:00:00,2.3491
2012-05-04 00:00:00,2.3241
2012-05-03 00:00:00,2.267
2012-05-02 00:00:00,2.2642
2012-05-01 00:00:00,2.2493
2012-04-30 00:00:00,2.2489
2012-04-27 00:00:00,2.2514
2012-04-26 00:00:00,2.2423
2012-04-25 00:00:00,2.236
2012-04-24 00:00:00,2.2556
2012-04-23 00:00:00,2.2416
2012-04-20 00:00:00,2.2209
2012-04-19 00:00:00,2.3218
2012-04-18 00:00:00,2.3121
2012-04-17 00:00:00,2.2901
2012-04-16 00:00:00,2.317
2012-04-13 00:00:00,2.3369
2012-04-12 00:00:00,2.3245
2012-04-11 00:00:00,2.3727
2012-04-10 00:00:00,2.363
2012-04-09 00:00:00,2.3151
2012-04-05 00:00:00,2.2843
2012-04-04 00:00:00,2.307
2012-04-03 00:00:00,2.2542
2012-04-02 00:00:00,2.2298
2012-03-30 00:00:00,2.2322
2012-03-29 00:00:00,2.2416
2012-03-28 00:00:00,2.2367
2012-03-27 00:00:00,2.214
2012-03-26 00:00:00,2.2093
2012-03-23 00:00:00,2.2493
2012-03-22 00:00:00,2.2504
2012-03-21 00:00:00,2.2563
2012-03-20 00:00:00,2.2507
2012-03-19 00:00:00,2.236
2012-03-16 00:00:00,2.2086
2012-03-15 00:00:00,2.1918
2012-03-14 00:00:00,2.1971
2012-03-13 00:00:00,2.2039
2012-03-12 00:00:00,2.2472
2012-03-09 00:00:00,2.2507
2012-03-08 00:00:00,2.2493
2012-03-07 00:00:00,2.2613
2012-03-06 00:00:00,2.2817
2012-03-05 00:00:00,2.2642
2012-03-02 00:00:00,2.2447
2012-03-01 00:00:00,2.2298
2012-02-29 00:00:00,2.2684
2012-02-28 00:00:00,2.2592
2012-02-27 00:00:00,2.2967
2012-02-24 00:00:00,2.2872
2012-02-23 00:00:00,2.2952
2012-02-22 00:00:00,2.3025
2012-02-21 00:00:00,2.2901
2012-02-17 00:00:00,2.304
2012-02-16 00:00:00,2.3014
2012-02-15 00:00:00,2.396
2012-02-14 00:00:00,2.3802
2012-02-13 00:00:00,2.2237
2012-02-10 00:00:00,2.2299
2012-02-09 00:00:00,2.2099
2012-02-08 00:00:00,2.2179
2012-02-07 00:00:00,2.2405
2012-02-06 00:00:00,2.2517
2012-02-03 00:00:00,2.2487
2012-02-02 00:00:00,2.2705
2012-02-01 00:00:00,2.275
2012-01-31 00:00:00,2.3027
2012-01-30 00:00:00,2.2965
2012-01-27 00:00:00,2.3264
2012-01-26 00:00:00,2.3051
2012-01-25 00:00:00,2.3004
2012-01-24 00:00:00,2.3177
2012-01-23 00:00:00,2.2873
2012-01-20 00:00:00,2.2888
2012-01-19 00:00:00,2.4182
2012-01-18 00:00:00,2.4088
2012-01-17 00:00:00,2.4067
2012-01-13 00:00:00,2.4071
2012-01-12 00:00:00,2.4286
2012-01-11 00:00:00,2.4531
2012-01-10 00:00:00,2.4425
2012-01-09 00:00:00,2.4513
2012-01-06 00:00:00,2.4195
2012-01-05 00:00:00,2.4566
2012-01-04 00:00:00,2.4818
2012-01-03 00:00:00,2.5406
2011-12-30 00:00:00,2.6194
2011-12-29 00:00:00,2.6134
2011-12-28 00:00:00,2.6336
2011-12-27 00:00:00,2.6114
2011-12-23 00:00:00,2.6124
2011-12-22 00:00:00,2.6346
2011-12-21 00:00:00,2.6398
2011-12-20 00:00:00,2.6129
2011-12-19 00:00:00,2.6635
2011-12-16 00:00:00,2.6154
2011-12-15 00:00:00,2.6604
2011-12-14 00:00:00,2.6573
2011-12-13 00:00:00,2.6398
2011-12-12 00:00:00,2.6656
2011-12-09 00:00:00,2.6459
2011-12-08 00:00:00,2.6772
2011-12-07 00:00:00,2.6562
2011-12-06 00:00:00,2.65
2011-12-05 00:00:00,2.6459
2011-12-02 00:00:00,2.6963
2011-12-01 00:00:00,2.6899
2011-11-30 00:00:00,2.6583
2011-11-29 00:00:00,2.7375
2011-11-28 00:00:00,2.7342
2011-11-25 00:00:00,2.7984
2011-11-23 00:00:00,2.7789
2011-11-22 00:00:00,2.743
2011-11-21 00:00:00,2.72
2011-11-18 00:00:00,2.6877
2011-11-17 00:00:00,2.6625
2011-11-16 00:00:00,2.6084
2011-11-15 00:00:00,2.543
2011-11-14 00:00:00,2.3916
2011-11-11 00:00:00,2.3783
2011-11-10 00:00:00,2.4353
2011-11-09 00:00:00,2.4427
2011-11-08 00:00:00,2.3564
2011-11-07 00:00:00,2.3881
2011-11-04 00:00:00,2.4381
2011-11-03 00:00:00,2.4124
2011-11-02 00:00:00,2.4606
2011-11-01 00:00:00,2.4625
2011-10-31 00:00:00,2.4033
2011-10-28 00:00:00,2.3721
2011-10-27 00:00:00,2.3486
2011-10-26 00:00:00,2.4069
2011-10-25 00:00:00,2.3872
2011-10-24 00:00:00,2.3538
2011-10-21 00:00:00,2.3564
2011-10-20 00:00:00,2.3669
2011-10-19 00:00:00,2.359
2011-10-18 00:00:00,2.3435
2011-10-17 00:00:00,2.3721
2011-10-14 00:00:00,2.3469
2011-10-13 00:00:00,2.3547
2011-10-12 00:00:00,2.3739
2011-10-11 00:00:00,2.3704
2011-10-10 00:00:00,2.3756
2011-10-07 00:00:00,2.4381
2011-10-06 00:00:00,2.4298
2011-10-05 00:00:00,2.472
2011-10-04 00:00:00,2.5257
2011-10-03 00:00:00,2.609
2011-09-30 00:00:00,2.5713
2011-09-29 00:00:00,2.5147
2011-09-28 00:00:00,2.5024
2011-09-27 00:00:00,2.4932
2011-09-26 00:00:00,2.5157
2011-09-23 00:00:00,2.5539
2011-09-22 00:00:00,2.5539
2011-09-21 00:00:00,2.4625
2011-09-20 00:00:00,2.3721
2011-09-19 00:00:00,2.3521
2011-09-16 00:00:00,2.3599
2011-09-15 00:00:00,2.3712
2011-09-14 00:00:00,2.4151
2011-09-13 00:00:00,2.4578
2011-09-12 00:00:00,2.472
2011-09-09 00:00:00,2.4864
2011-09-08 00:00:00,2.4409
2011-09-07 00:00:00,2.4615
2011-09-06 00:00:00,2.5088
2011-09-02 00:00:00,2.4806
2011-09-01 00:00:00,2.4418
2011-08-31 00:00:00,2.406
2011-08-30 00:00:00,2.44
2011-08-29 00:00:00,2.4768
2011-08-26 00:00:00,2.5347
2011-08-25 00:00:00,2.6048
2011-08-24 00:00:00,2.5703
2011-08-23 00:00:00,2.589
2011-08-22 00:00:00,2.6689
2011-08-19 00:00:00,2.6611
2011-08-18 00:00:00,2.5942
2011-08-17 00:00:00,2.5352
2011-08-16 00:00:00,2.5247
2011-08-15 00:00:00,2.3912
2011-08-12 00:00:00,2.4303
2011-08-11 00:00:00,2.4216
2011-08-10 00:00:00,2.5207
2011-08-09 00:00:00,2.3847
2011-08-08 00:00:00,2.4918
2011-08-05 00:00:00,2.3754
2011-08-04 00:00:00,2.3516
2011-08-03 00:00:00,2.266
2011-08-02 00:00:00,2.2761
2011-08-01 00:00:00,2.2369
2011-07-29 00:00:00,2.2263
2011-07-28 00:00:00,2.2006
2011-07-27 00:00:00,2.232
2011-07-26 00:00:00,2.1724
2011-07-25 00:00:00,2.1856
2011-07-22 00:00:00,2.2158
2011-07-21 00:00:00,2.2513
2011-07-20 00:00:00,2.2542
2011-07-19 00:00:00,2.215
2011-07-18 00:00:00,2.2941
2011-07-15 00:00:00,2.2778
2011-07-14 00:00:00,2.3045
2011-07-13 00:00:00,2.2906
2011-07-12 00:00:00,2.2984
2011-07-11 00:00:00,2.2906
2011-07-08 00:00:00,2.266
2011-07-07 00:00:00,2.2787
2011-07-06 00:00:00,2.3167
2011-07-05 00:00:00,2.3434
2011-07-01 00:00:00,2.3444
2011-06-30 00:00:00,2.3462
2011-06-29 00:00:00,2.381
2011-06-28 00:00:00,2.3643
2011-06-27 00:00:00,2.4206
2011-06-24 00:00:00,2.5103
2011-06-23 00:00:00,2.4767
2011-06-22 00:00:00,2.4746
2011-06-21 00:00:00,2.4637
2011-06-20 00:00:00,2.4928
2011-06-17 00:00:00,2.5144
2011-06-16 00:00:00,2.5422
2011-06-15 00:00:00,2.5695
2011-06-14 00:00:00,2.5186
2011-06-13 00:00:00,2.5374
2011-06-10 00:00:00,2.5733
2011-06-09 00:00:00,2.5459
2011-06-08 00:00:00,2.548
2011-06-07 00:00:00,2.5353
2011-06-06 00:00:00,2.5406
2011-06-03 00:00:00,2.5518
2011-06-02 00:00:00,2.5186
2011-06-01 00:00:00,2.4969
2011-05-31 00:00:00,2.439
2011-05-27 00:00:00,2.4637
2011-05-26 00:00:00,2.4726
2011-05-25 00:00:00,2.5217
2011-05-24 00:00:00,2.5259
2011-05-23 00:00:00,2.5238
2011-05-20 00:00:00,2.4908
2011-05-19 00:00:00,2.4681
2011-05-18 00:00:00,2.4706
2011-05-17 00:00:00,2.4878
2011-05-16 00:00:00,2.3606
2011-05-13 00:00:00,2.3172
2011-05-12 00:00:00,2.2907
2011-05-11 00:00:00,2.2871
2011-05-10 00:00:00,2.2594
2011-05-09 00:00:00,2.2455
2011-05-06 00:00:00,2.242
2011-05-05 00:00:00,2.2489
2011-05-04 00:00:00,2.2256
2011-05-03 00:00:00,2.2472
2011-05-02 00:00:00,2.2603
2011-04-29 00:00:00,2.2377
2011-04-28 00:00:00,2.1715
2011-04-27 00:00:00,2.1986
2011-04-26 00:00:00,2.2146
2011-04-25 00:00:00,2.2647
2011-04-21 00:00:00,2.2727
2011-04-20 00:00:00,2.2516
2011-04-19 00:00:00,2.3062
2011-04-18 00:00:00,2.3126
2011-04-15 00:00:00,2.2862
2011-04-14 00:00:00,2.2817
2011-04-13 00:00:00,2.263
2011-04-12 00:00:00,2.2621
2011-04-11 00:00:00,2.2325
2011-04-08 00:00:00,2.2248
2011-04-07 00:00:00,2.2137
2011-04-06 00:00:00,2.218
2011-04-05 00:00:00,2.2498
2011-04-04 00:00:00,2.2701
2011-04-01 00:00:00,2.2763
2011-03-31 00:00:00,2.2844
2011-03-30 00:00:00,2.2647
2011-03-29 00:00:00,2.2754
2011-03-28 00:00:00,2.2826
2011-03-25 00:00:00,2.2639
2011-03-24 00:00:00,2.2472
2011-03-23 00:00:00,2.2709
2011-03-22 00:00:00,2.2929
2011-03-21 00:00:00,2.2898
2011-03-18 00:00:00,2.3387
2011-03-17 00:00:00,2.3406
2011-03-16 00:00:00,2.3397
2011-03-15 00:00:00,2.2844
2011-03-14 00:00:00,2.2577
2011-03-11 00:00:00,2.2586
2011-03-10 00:00:00,2.2826
2011-03-09 00:00:00,2.2402
2011-03-08 00:00:00,2.2385
2011-03-07 00:00:00,2.2551
2011-03-04 00:00:00,2.2349
2011-03-03 00:00:00,2.2137
2011-03-02 00:00:00,2.2241
2011-03-01 00:00:00,2.2171
2011-02-28 00:00:00,2.1821
2011-02-25 00:00:00,2.1846
2011-02-24 00:00:00,2.1666
2011-02-23 00:00:00,2.1813
2011-02-22 00:00:00,2.1813
2011-02-18 00:00:00,2.1434
2011-02-17 00:00:00,2.1316
2011-02-16 00:00:00,2.1466
2011-02-15 00:00:00,2.1513
2011-02-14 00:00:00,2.0198
2011-02-11 00:00:00,2.0183
2011-02-10 00:00:00,2
2011-02-09 00:00:00,1.9664
2011-02-08 00:00:00,1.9447
2011-02-07 00:00:00,1.9505
2011-02-04 00:00:00,1.9806
2011-02-03 00:00:00,1.9892
2011-02-02 00:00:00,1.9685
2011-02-01 00:00:00,1.9648
2011-01-31 00:00:00,1.9838
2011-01-28 00:00:00,1.9819
2011-01-27 00:00:00,1.9051
2011-01-26 00:00:00,1.911
2011-01-25 00:00:00,1.9332
2011-01-24 00:00:00,1.938
2011-01-21 00:00:00,1.9629
2011-01-20 00:00:00,1.9399
2011-01-19 00:00:00,1.9319
2011-01-18 00:00:00,1.9191
2011-01-14 00:00:00,1.9435
2011-01-13 00:00:00,1.951
2011-01-12 00:00:00,1.9264
2011-01-11 00:00:00,1.9566
2011-01-10 00:00:00,1.949
2011-01-07 00:00:00,1.9231
2011-01-06 00:00:00,1.9084
2011-01-05 00:00:00,1.9643
2011-01-04 00:00:00,1.9582
2011-01-03 00:00:00,1.9657
2010-12-31 00:00:00,1.9706
2010-12-30 00:00:00,1.9749
2010-12-29 00:00:00,1.9664
2010-12-28 00:00:00,1.9636
2010-12-27 00:00:00,1.9594
2010-12-23 00:00:00,1.9435
2010-12-22 00:00:00,1.9512
2010-12-21 00:00:00,1.9594
2010-12-20 00:00:00,1.9777
2010-12-17 00:00:00,1.9712
2010-12-16 00:00:00,1.9652
2010-12-15 00:00:00,1.9749
2010-12-14 00:00:00,1.9913
2010-12-13 00:00:00,2.0187
2010-12-10 00:00:00,2.0117
2010-12-09 00:00:00,2.031
2010-12-08 00:00:00,2.0198
2010-12-07 00:00:00,2.0469
2010-12-06 00:00:00,2.0492
2010-12-03 00:00:00,2.0355
2010-12-02 00:00:00,2.0454
2010-12-01 00:00:00,2.1121
2010-11-30 00:00:00,2.1776
2010-11-29 00:00:00,2.1731
2010-11-26 00:00:00,2.1782
2010-11-24 00:00:00,2.1679
2010-11-23 00:00:00,2.1895
2010-11-22 00:00:00,2.1376
2010-11-19 00:00:00,2.1409
2010-11-18 00:00:00,2.1287
2010-11-17 00:00:00,2.151
2010-11-16 00:00:00,2.131
2010-11-15 00:00:00,1.9847
2010-11-12 00:00:00,1.9794
2010-11-11 00:00:00,1.949
2010-11-10 00:00:00,1.9302
2010-11-09 00:00:00,1.9295
2010-11-08 00:00:00,1.9396
2010-11-05 00:00:00,1.9367
2010-11-04 00:00:00,1.916
2010-11-03 00:00:00,1.9238
2010-11-02 00:00:00,1.8985
2010-11-01 00:00:00,1.9295
2010-10-29 00:00:00,1.9501
2010-10-28 00:00:00,1.9787
2010-10-27 00:00:00,1.9962
2010-10-26 00:00:00,2.0077
2010-10-25 00:00:00,2.0643
2010-10-22 00:00:00,2.0491
2010-10-21 00:00:00,2.0456
2010-10-20 00:00:00,2.0545
2010-10-19 00:00:00,2.0717
2010-10-18 00:00:00,2.0139
2010-10-15 00:00:00,2.036
2010-10-14 00:00:00,2.061
2010-10-13 00:00:00,2.0521
2010-10-12 00:00:00,2.0942
2010-10-11 00:00:00,2.1147
2010-10-08 00:00:00,2.1164
2010-10-07 00:00:00,2.1199
2010-10-06 00:00:00,2.1285
2010-10-05 00:00:00,2.1355
2010-10-04 00:00:00,2.1748
2010-10-01 00:00:00,2.1329
2010-09-30 00:00:00,2.1233
2010-09-29 00:00:00,2.1224
2010-09-28 00:00:00,2.1072
2010-09-27 00:00:00,2.1025
2010-09-24 00:00:00,2.0989
2010-09-23 00:00:00,2.1285
2010-09-22 00:00:00,2.113
2010-09-21 00:00:00,2.0676
2010-09-20 00:00:00,2.0448
2010-09-17 00:00:00,2.0619
2010-09-16 00:00:00,2.0529
2010-09-15 00:00:00,2.0705
2010-09-14 00:00:00,2.0775
2010-09-13 00:00:00,2.0709
2010-09-10 00:00:00,2.1803
2010-09-09 00:00:00,2.1658
2010-09-08 00:00:00,2.173
2010-09-07 00:00:00,2.1703
2010-09-03 00:00:00,2.1408
2010-09-02 00:00:00,2.1721
2010-09-01 00:00:00,2.1757
2010-08-31 00:00:00,2.2161
2010-08-30 00:00:00,2.1997
2010-08-27 00:00:00,2.173
2010-08-26 00:00:00,2.183
2010-08-25 00:00:00,2.1577
2010-08-24 00:00:00,2.1631
2010-08-23 00:00:00,2.1417
2010-08-20 00:00:00,2.1461
2010-08-19 00:00:00,2.1277
2010-08-18 00:00:00,2.0951
2010-08-17 00:00:00,2.1044
2010-08-16 00:00:00,2.1224
2010-08-13 00:00:00,2.1311
2010-08-12 00:00:00,2.1233
2010-08-11 00:00:00,2.0917
2010-08-10 00:00:00,2.0742
2010-08-09 00:00:00,2.0305
2010-08-06 00:00:00,2.0352
2010-08-05 00:00:00,2.0497
2010-08-04 00:00:00,2.021
2010-08-03 00:00:00,1.9878
2010-08-02 00:00:00,1.9749
2010-07-30 00:00:00,2.0147
2010-07-29 00:00:00,1.9977
2010-07-28 00:00:00,2.0039
2010-07-27 00:00:00,1.9878
2010-07-26 00:00:00,1.9923
2010-07-23 00:00:00,2.0147
2010-07-22 00:00:00,2.0124
2010-07-21 00:00:00,2.0701
2010-07-20 00:00:00,2.0408
2010-07-19 00:00:00,2.061
2010-07-16 00:00:00,2.0892
2010-07-15 00:00:00,2.0384
2010-07-14 00:00:00,2.044
2010-07-13 00:00:00,2.0692
2010-07-12 00:00:00,2.0942
2010-07-09 00:00:00,2.1426
2010-07-08 00:00:00,2.1303
2010-07-07 00:00:00,2.1399
2010-07-06 00:00:00,2.183
2010-07-02 00:00:00,2.2346
2010-07-01 00:00:00,2.2452
2010-06-30 00:00:00,2.2599
2010-06-29 00:00:00,2.2308
2010-06-28 00:00:00,2.139
2010-06-25 00:00:00,2.1196
2010-06-24 00:00:00,2.08
2010-06-23 00:00:00,2.0547
2010-06-22 00:00:00,2.0178
2010-06-21 00:00:00,2.0039
2010-06-18 00:00:00,1.9667
2010-06-17 00:00:00,1.9719
2010-06-16 00:00:00,1.9757
2010-06-15 00:00:00,1.9562
2010-06-14 00:00:00,2.0396
2010-06-11 00:00:00,2.0265
2010-06-10 00:00:00,2.08
2010-06-09 00:00:00,2.0976
2010-06-08 00:00:00,2.0709
2010-06-07 00:00:00,2.0561
2010-06-04 00:00:00,2.0163
2010-06-03 00:00:00,1.936
2010-06-02 00:00:00,1.9652
2010-06-01 00:00:00,2.0085
2010-05-28 00:00:00,2.0155
2010-05-27 00:00:00,2
2010-05-26 00:00:00,2.0792
2010-05-25 00:00:00,1.9946
2010-05-24 00:00:00,1.9794
2010-05-21 00:00:00,1.9374
2010-05-20 00:00:00,1.9181
2010-05-19 00:00:00,1.8414
2010-05-18 00:00:00,1.8183
2010-05-17 00:00:00,1.7968
2010-05-14 00:00:00,1.7974
2010-05-13 00:00:00,1.7784
2010-05-12 00:00:00,1.7663
2010-05-11 00:00:00,1.8006
2010-05-10 00:00:00,1.7968
2010-05-07 00:00:00,1.8433
2010-05-06 00:00:00,1.7943
2010-05-05 00:00:00,1.742
2010-05-04 00:00:00,1.7259
2010-05-03 00:00:00,1.685
2010-04-30 00:00:00,1.703
2010-04-29 00:00:00,1.6773
2010-04-28 00:00:00,1.6823
2010-04-27 00:00:00,1.6858
2010-04-26 00:00:00,1.6715
2010-04-23 00:00:00,1.6796
2010-04-22 00:00:00,1.6566
2010-04-21 00:00:00,1.6596
2010-04-20 00:00:00,1.6582
2010-04-19 00:00:00,1.6753
2010-04-16 00:00:00,1.6955
2010-04-15 00:00:00,1.6845
2010-04-14 00:00:00,1.6872
2010-04-13 00:00:00,1.7077
2010-04-12 00:00:00,1.715
2010-04-09 00:00:00,1.7139
2010-04-08 00:00:00,1.738
2010-04-07 00:00:00,1.7717
2010-04-06 00:00:00,1.7735
2010-04-05 00:00:00,1.7766
2010-04-01 00:00:00,1.7833
2010-03-31 00:00:00,1.7755
2010-03-30 00:00:00,1.7467
2010-03-29 00:00:00,1.7574
2010-03-26 00:00:00,1.7532
2010-03-25 00:00:00,1.7328
2010-03-24 00:00:00,1.7538
2010-03-23 00:00:00,1.7403
2010-03-22 00:00:00,1.7568
2010-03-19 00:00:00,1.7574
2010-03-18 00:00:00,1.7562
2010-03-17 00:00:00,1.755
2010-03-16 00:00:00,1.7705
2010-03-15 00:00:00,1.7754
2010-03-12 00:00:00,1.7766
2010-03-11 00:00:00,1.782
2010-03-10 00:00:00,1.795
2010-03-09 00:00:00,1.8056
2010-03-08 00:00:00,1.8163
2010-03-05 00:00:00,1.819
2010-03-04 00:00:00,1.8163
2010-03-03 00:00:00,1.8271
2010-03-02 00:00:00,1.8271
2010-03-01 00:00:00,1.7919
2010-02-26 00:00:00,1.8137
2010-02-25 00:00:00,1.8182
2010-02-24 00:00:00,1.8163
2010-02-23 00:00:00,1.8355
2010-02-22 00:00:00,1.81
2010-02-19 00:00:00,1.8074
2010-02-18 00:00:00,1.795
2010-02-17 00:00:00,1.8188
2010-02-16 00:00:00,1.8342
2010-02-12 00:00:00,1.8618
2010-02-11 00:00:00,1.8492
2010-02-10 00:00:00,1.8578
2010-02-09 00:00:00,1.8565
2010-02-08 00:00:00,1.8759
2010-02-05 00:00:00,1.8558
2010-02-04 00:00:00,1.8678
2010-02-03 00:00:00,1.8163
2010-02-02 00:00:00,1.8271
2010-02-01 00:00:00,1.8303
2010-01-29 00:00:00,1.8453
2010-01-28 00:00:00,1.7833
2010-01-27 00:00:00,1.7526
2010-01-26 00:00:00,1.7627
2010-01-25 00:00:00,1.7735
2010-01-22 00:00:00,1.7956
2010-01-21 00:00:00,1.7328
2010-01-20 00:00:00,1.7002
2010-01-19 00:00:00,1.672
2010-01-15 00:00:00,1.685
2010-01-14 00:00:00,1.6796
2010-01-13 00:00:00,1.7133
2010-01-12 00:00:00,1.7293
2010-01-11 00:00:00,1.7179
2010-01-08 00:00:00,1.696
2010-01-07 00:00:00,1.7076
2010-01-06 00:00:00,1.69
2010-01-05 00:00:00,1.6796
2010-01-04 00:00:00,1.6801
2009-12-31 00:00:00,1.706
2009-12-30 00:00:00,1.6796
2009-12-29 00:00:00,1.6566
2009-12-28 00:00:00,1.6683
2009-12-24 00:00:00,1.6774
2009-12-23 00:00:00,1.6818
2009-12-22 00:00:00,1.6872
2009-12-21 00:00:00,1.7038
2009-12-18 00:00:00,1.7128
2009-12-17 00:00:00,1.7568
2009-12-16 00:00:00,1.7276
2009-12-15 00:00:00,1.7322
2009-12-14 00:00:00,1.727
2009-12-11 00:00:00,1.742
2009-12-10 00:00:00,1.7409
2009-12-09 00:00:00,1.7503
2009-12-08 00:00:00,1.7585
2009-12-07 00:00:00,1.7456
2009-12-04 00:00:00,1.7345
2009-12-03 00:00:00,1.7432
2009-12-02 00:00:00,1.7461
2009-12-01 00:00:00,1.7328
2009-11-30 00:00:00,1.7681
2009-11-27 00:00:00,1.7796
2009-11-25 00:00:00,1.7456
2009-11-24 00:00:00,1.7385
2009-11-23 00:00:00,1.7368
2009-11-20 00:00:00,1.7556
2009-11-19 00:00:00,1.7461
2009-11-18 00:00:00,1.727
2009-11-17 00:00:00,1.7333
2009-11-16 00:00:00,1.7603
2009-11-13 00:00:00,1.755
2009-11-12 00:00:00,1.7711
2009-11-11 00:00:00,1.7857
2009-11-10 00:00:00,1.7925
2009-11-09 00:00:00,1.7937
2009-11-06 00:00:00,1.8233
2009-11-05 00:00:00,1.8265
2009-11-04 00:00:00,1.8532
2009-11-03 00:00:00,1.8888
2009-11-02 00:00:00,1.8651
2009-10-30 00:00:00,1.8752
2009-10-29 00:00:00,1.8427
2009-10-28 00:00:00,1.8558
2009-10-27 00:00:00,1.8188
2009-10-26 00:00:00,1.8131
2009-10-23 00:00:00,1.8558
2009-10-22 00:00:00,1.9556
2009-10-21 00:00:00,1.9564
2009-10-20 00:00:00,1.9719
2009-10-19 00:00:00,1.9727
2009-10-16 00:00:00,1.9623
2009-10-15 00:00:00,1.9468
2009-10-14 00:00:00,2.0031
2009-10-13 00:00:00,2.0147
2009-10-12 00:00:00,2.0218
2009-10-09 00:00:00,2.0352
2009-10-08 00:00:00,2.0257
2009-10-07 00:00:00,2.0717
2009-10-06 00:00:00,2.0709
2009-10-05 00:00:00,2.1104
2009-10-02 00:00:00,2.0833
2009-10-01 00:00:00,2.09
2009-09-30 00:00:00,2.0218
2009-09-29 00:00:00,2.0194
2009-09-28 00:00:00,2.0132
2009-09-25 00:00:00,2.0352
2009-09-24 00:00:00,2.0046
2009-09-23 00:00:00,2.0226
2009-09-22 00:00:00,2.0178
2009-09-21 00:00:00,2.0553
2009-09-18 00:00:00,2.0586
2009-09-17 00:00:00,2.0553
2009-09-16 00:00:00,2.0635
2009-09-15 00:00:00,2.0635
2009-09-14 00:00:00,2.08
2009-09-11 00:00:00,2.0917
2009-09-10 00:00:00,2.08
2009-09-09 00:00:00,2.0985
2009-09-08 00:00:00,2.0951
2009-09-04 00:00:00,2.1121
2009-09-03 00:00:00,2.1568
2009-09-02 00:00:00,2.1794
2009-09-01 00:00:00,2.1667
2009-08-31 00:00:00,2.1095
2009-08-28 00:00:00,2.107
2009-08-27 00:00:00,2.1061
2009-08-26 00:00:00,2.1181
2009-08-25 00:00:00,2.1104
2009-08-24 00:00:00,2.1104
2009-08-21 00:00:00,2.1303
2009-08-20 00:00:00,2.1969
2009-08-19 00:00:00,2.1987
2009-08-18 00:00:00,2.2053
2009-08-17 00:00:00,2.1505
2009-08-14 00:00:00,2.1104
2009-08-13 00:00:00,2.1168
2009-08-12 00:00:00,2.1249
2009-08-11 00:00:00,2.1617
2009-08-10 00:00:00,2.1349
2009-08-07 00:00:00,2.1222
2009-08-06 00:00:00,2.1313
2009-08-05 00:00:00,2.1
2009-08-04 00:00:00,2.1035
2009-08-03 00:00:00,2.0982
2009-07-31 00:00:00,2.1258
2009-07-30 00:00:00,2.1
2009-07-29 00:00:00,2.1008
2009-07-28 00:00:00,2.1304
2009-07-27 00:00:00,2.1636
2009-07-24 00:00:00,2.1322
2009-07-23 00:00:00,1.9562
2009-07-22 00:00:00,2.0161
2009-07-21 00:00:00,2.0137
2009-07-20 00:00:00,2.0383
2009-07-17 00:00:00,2.0585
2009-07-16 00:00:00,2.0458
2009-07-15 00:00:00,2.073
2009-07-14 00:00:00,2.1636
2009-07-13 00:00:00,2.1524
2009-07-10 00:00:00,2.2331
2009-07-09 00:00:00,2.2282
2009-07-08 00:00:00,2.2163
2009-07-07 00:00:00,2.2193
2009-07-06 00:00:00,2.1552
2009-07-02 00:00:00,2.1395
2009-07-01 00:00:00,2.0799
2009-06-30 00:00:00,2.1035
2009-06-29 00:00:00,2.0956
2009-06-26 00:00:00,2.1413
2009-06-25 00:00:00,2.1017
2009-06-24 00:00:00,2.1304
2009-06-23 00:00:00,2.1422
2009-06-22 00:00:00,2.1478
2009-06-19 00:00:00,2.0773
2009-06-18 00:00:00,2.1277
2009-06-17 00:00:00,2.1115
2009-06-16 00:00:00,2.1322
2009-06-15 00:00:00,2.1349
2009-06-12 00:00:00,2.1432
2009-06-11 00:00:00,2.1901
2009-06-10 00:00:00,2.2173
2009-06-09 00:00:00,2.2645
2009-06-08 00:00:00,2.2676
2009-06-05 00:00:00,2.2584
2009-06-04 00:00:00,2.2904
2009-06-03 00:00:00,2.301
2009-06-02 00:00:00,2.3364
2009-06-01 00:00:00,2.3364
2009-05-29 00:00:00,2.3935
2009-05-28 00:00:00,2.445
2009-05-27 00:00:00,2.4839
2009-05-26 00:00:00,2.4582
2009-05-22 00:00:00,2.5316
2009-05-21 00:00:00,2.5227
2009-05-20 00:00:00,2.4534
2009-05-19 00:00:00,2.4618
2009-05-18 00:00:00,2.3301
2009-05-15 00:00:00,2.3739
2009-05-14 00:00:00,2.3928
2009-05-13 00:00:00,2.4304
2009-05-12 00:00:00,2.4133
2009-05-11 00:00:00,2.4845
2009-05-08 00:00:00,2.4717
2009-05-07 00:00:00,2.4845
2009-05-06 00:00:00,2.4255
2009-05-05 00:00:00,2.4255
2009-05-04 00:00:00,2.3774
2009-05-01 00:00:00,2.3715
2009-04-30 00:00:00,2.3692
2009-04-29 00:00:00,2.3704
2009-04-28 00:00:00,2.4084
2009-04-27 00:00:00,2.3529
2009-04-24 00:00:00,2.2956
2009-04-23 00:00:00,2.537
2009-04-22 00:00:00,2.5559
2009-04-21 00:00:00,2.5303
2009-04-20 00:00:00,2.5793
2009-04-17 00:00:00,2.5
2009-04-16 00:00:00,2.4292
2009-04-15 00:00:00,2.5491
2009-04-14 00:00:00,2.4806
2009-04-13 00:00:00,2.4502
2009-04-09 00:00:00,2.4403
2009-04-08 00:00:00,2.5013
2009-04-07 00:00:00,2.5586
2009-04-06 00:00:00,2.5586
2009-04-03 00:00:00,2.56
2009-04-02 00:00:00,2.4883
2009-04-01 00:00:00,2.4858
2009-03-31 00:00:00,2.613
2009-03-30 00:00:00,2.746
2009-03-27 00:00:00,2.6475
2009-03-26 00:00:00,2.5491
2009-03-25 00:00:00,2.6846
2009-03-24 00:00:00,2.6771
2009-03-23 00:00:00,2.6187
2009-03-20 00:00:00,2.8136
2009-03-19 00:00:00,2.8005
2009-03-18 00:00:00,2.8302
2009-03-17 00:00:00,2.8402
2009-03-16 00:00:00,2.9538
2009-03-13 00:00:00,2.8829
2009-03-12 00:00:00,2.8219
2009-03-11 00:00:00,2.8054
2009-03-10 00:00:00,2.9126
2009-03-09 00:00:00,3.1683
2009-03-06 00:00:00,3.1414
2009-03-05 00:00:00,3.1434
2009-03-04 00:00:00,2.9777
2009-03-03 00:00:00,3.0227
2009-03-02 00:00:00,3.0399
2009-02-27 00:00:00,2.9721
2009-02-26 00:00:00,2.9233
2009-02-25 00:00:00,2.8302
2009-02-24 00:00:00,2.7956
2009-02-23 00:00:00,2.7891
2009-02-20 00:00:00,2.6667
2009-02-19 00:00:00,2.6801
2009-02-18 00:00:00,2.649
2009-02-17 00:00:00,2.6534
2009-02-13 00:00:00,2.4096
2009-02-12 00:00:00,2.3884
2009-02-11 00:00:00,2.3946
2009-02-10 00:00:00,2.4468
2009-02-09 00:00:00,2.3663
2009-02-06 00:00:00,2.3398
2009-02-05 00:00:00,2.416
2009-02-04 00:00:00,2.4691
2009-02-03 00:00:00,2.4865
2009-02-02 00:00:00,2.5799
2009-01-30 00:00:00,2.6901
2009-01-29 00:00:00,2.6151
2009-01-28 00:00:00,2.5499
2009-01-27 00:00:00,2.6048
2009-01-26 00:00:00,2.6092
2009-01-23 00:00:00,2.6744
2009-01-22 00:00:00,2.6885
2009-01-21 00:00:00,2.3736
2009-01-20 00:00:00,2.4892
2009-01-16 00:00:00,2.3338
2009-01-15 00:00:00,2.3909
2009-01-14 00:00:00,2.4096
2009-01-13 00:00:00,2.3209
2009-01-12 00:00:00,2.3626
2009-01-09 00:00:00,2.3566
2009-01-08 00:00:00,2.2863
2009-01-07 00:00:00,2.3578
2009-01-06 00:00:00,2.2158
2009-01-05 00:00:00,2.2417
2009-01-02 00:00:00,2.2627
2008-12-31 00:00:00,2.3663
2008-12-30 00:00:00,2.3785
2008-12-29 00:00:00,2.4262
2008-12-26 00:00:00,2.4046
2008-12-24 00:00:00,2.3996
2008-12-23 00:00:00,2.3859
2008-12-22 00:00:00,2.3983
2008-12-19 00:00:00,2.4059
2008-12-18 00:00:00,2.3834
2008-12-17 00:00:00,2.3398
2008-12-16 00:00:00,2.2874
2008-12-15 00:00:00,2.416
2008-12-12 00:00:00,2.376
2008-12-11 00:00:00,2.365
2008-12-10 00:00:00,2.2319
2008-12-09 00:00:00,2.233
2008-12-08 00:00:00,2.1894
2008-12-05 00:00:00,2.315
2008-12-04 00:00:00,2.4071
2008-12-03 00:00:00,2.315
2008-12-02 00:00:00,2.4021
2008-12-01 00:00:00,2.4718
2008-11-28 00:00:00,2.275
2008-11-26 00:00:00,2.245
2008-11-25 00:00:00,2.3012
2008-11-24 00:00:00,2.2233
2008-11-21 00:00:00,2.3374
2008-11-20 00:00:00,2.6241
2008-11-19 00:00:00,2.515
2008-11-18 00:00:00,2.3445
2008-11-17 00:00:00,2.2774
2008-11-14 00:00:00,2.1934
2008-11-13 00:00:00,2.0706
2008-11-12 00:00:00,2.1675
2008-11-11 00:00:00,2.0755
2008-11-10 00:00:00,2.0657
2008-11-07 00:00:00,2.0465
2008-11-06 00:00:00,2.1073
2008-11-05 00:00:00,1.9928
2008-11-04 00:00:00,1.87
2008-11-03 00:00:00,1.9452
2008-10-31 00:00:00,1.9704
2008-10-30 00:00:00,1.9443
2008-10-29 00:00:00,1.913
2008-10-28 00:00:00,1.9048
2008-10-27 00:00:00,2.0774
2008-10-24 00:00:00,2.0036
2008-10-23 00:00:00,1.9713
2008-10-22 00:00:00,2.0437
2008-10-21 00:00:00,1.8836
2008-10-20 00:00:00,1.7799
2008-10-17 00:00:00,1.8387
2008-10-16 00:00:00,1.8189
2008-10-15 00:00:00,1.9417
2008-10-14 00:00:00,1.8257
2008-10-13 00:00:00,1.7255
2008-10-10 00:00:00,2.0465
2008-10-09 00:00:00,1.9731
2008-10-08 00:00:00,1.9122
2008-10-07 00:00:00,1.8941
2008-10-06 00:00:00,1.7664
2008-10-03 00:00:00,1.6717
2008-10-02 00:00:00,1.6762
2008-10-01 00:00:00,1.6616
2008-09-30 00:00:00,1.6486
2008-09-29 00:00:00,1.7593
2008-09-26 00:00:00,1.6058
2008-09-25 00:00:00,1.6535
2008-09-24 00:00:00,1.7107
2008-09-23 00:00:00,1.7296
2008-09-22 00:00:00,1.7323
2008-09-19 00:00:00,1.7488
2008-09-18 00:00:00,1.7419
2008-09-17 00:00:00,1.7908
2008-09-16 00:00:00,1.693
2008-09-15 00:00:00,1.6406
2008-09-12 00:00:00,1.593
2008-09-11 00:00:00,1.6094
2008-09-10 00:00:00,1.6641
2008-09-09 00:00:00,1.6858
2008-09-08 00:00:00,1.6845
2008-09-05 00:00:00,1.7154
2008-09-04 00:00:00,1.6698
2008-09-03 00:00:00,1.6357
2008-09-02 00:00:00,1.6236
2008-08-29 00:00:00,1.6123
2008-08-28 00:00:00,1.5748
2008-08-27 00:00:00,1.5965
2008-08-26 00:00:00,1.6135
2008-08-25 00:00:00,1.5907
2008-08-22 00:00:00,1.5805
2008-08-21 00:00:00,1.6188
2008-08-20 00:00:00,1.6123
2008-08-19 00:00:00,1.6105
2008-08-18 00:00:00,1.5529
2008-08-15 00:00:00,1.5462
2008-08-14 00:00:00,1.5407
2008-08-13 00:00:00,1.5407
2008-08-12 00:00:00,1.5292
2008-08-11 00:00:00,1.5412
2008-08-08 00:00:00,1.5286
2008-08-07 00:00:00,1.5699
2008-08-06 00:00:00,1.5914
2008-08-05 00:00:00,1.6406
2008-08-04 00:00:00,1.7009
2008-08-01 00:00:00,1.6903
2008-07-31 00:00:00,1.6719
2008-07-30 00:00:00,1.6393
2008-07-29 00:00:00,1.6469
2008-07-28 00:00:00,1.6863
2008-07-25 00:00:00,1.6437
2008-07-24 00:00:00,1.6903
2008-07-23 00:00:00,1.6269
2008-07-22 00:00:00,1.6667
2008-07-21 00:00:00,1.6771
2008-07-18 00:00:00,1.6628
2008-07-17 00:00:00,1.5625
2008-07-16 00:00:00,1.5774
2008-07-15 00:00:00,1.6444
2008-07-14 00:00:00,1.7097
2008-07-11 00:00:00,1.703
2008-07-10 00:00:00,1.6896
2008-07-09 00:00:00,1.7043
2008-07-08 00:00:00,1.6634
2008-07-07 00:00:00,1.6519
2008-07-03 00:00:00,1.6551
2008-07-02 00:00:00,1.6615
2008-07-01 00:00:00,1.6003
2008-06-30 00:00:00,1.5631
2008-06-27 00:00:00,1.5563
2008-06-26 00:00:00,1.5496
2008-06-25 00:00:00,1.5168
2008-06-24 00:00:00,1.5507
2008-06-23 00:00:00,1.5374
2008-06-20 00:00:00,1.5232
2008-06-19 00:00:00,1.4863
2008-06-18 00:00:00,1.5109
2008-06-17 00:00:00,1.4931
2008-06-16 00:00:00,1.4863
2008-06-13 00:00:00,1.4792
2008-06-12 00:00:00,1.5227
2008-06-11 00:00:00,1.5855
2008-06-10 00:00:00,1.5418
2008-06-09 00:00:00,1.5518
2008-06-06 00:00:00,1.5642
2008-06-05 00:00:00,1.5194
2008-06-04 00:00:00,1.5614
2008-06-03 00:00:00,1.5745
2008-06-02 00:00:00,1.5468
2008-05-30 00:00:00,1.5184
2008-05-29 00:00:00,1.5189
2008-05-28 00:00:00,1.5259
2008-05-27 00:00:00,1.512
2008-05-23 00:00:00,1.533
2008-05-22 00:00:00,1.5104
2008-05-21 00:00:00,1.5221
2008-05-20 00:00:00,1.4951
2008-05-19 00:00:00,1.4596
2008-05-16 00:00:00,1.4338
2008-05-15 00:00:00,1.4121
2008-05-14 00:00:00,1.4367
2008-05-13 00:00:00,1.4439
2008-05-12 00:00:00,1.4005
2008-05-09 00:00:00,1.4291
2008-05-08 00:00:00,1.4349
2008-05-07 00:00:00,1.4379
2008-05-06 00:00:00,1.4141
2008-05-05 00:00:00,1.4443
2008-05-02 00:00:00,1.4364
2008-05-01 00:00:00,1.4286
2008-04-30 00:00:00,1.4727
2008-04-29 00:00:00,1.4665
2008-04-28 00:00:00,1.4488
2008-04-25 00:00:00,1.408
2008-04-24 00:00:00,1.3208
2008-04-23 00:00:00,1.3355
2008-04-22 00:00:00,1.3884
2008-04-21 00:00:00,1.3807
2008-04-18 00:00:00,1.4
2008-04-17 00:00:00,1.4374
2008-04-16 00:00:00,1.4508
2008-04-15 00:00:00,1.4867
2008-04-14 00:00:00,1.4968
2008-04-11 00:00:00,1.4851
2008-04-10 00:00:00,1.4428
2008-04-09 00:00:00,1.4538
2008-04-08 00:00:00,1.4609
2008-04-07 00:00:00,1.4403
2008-04-04 00:00:00,1.4403
2008-04-03 00:00:00,1.4483
2008-04-02 00:00:00,1.4403
2008-04-01 00:00:00,1.4237
2008-03-31 00:00:00,1.4799
2008-03-28 00:00:00,1.5048
2008-03-27 00:00:00,1.4973
2008-03-26 00:00:00,1.4706
2008-03-25 00:00:00,1.4413
2008-03-24 00:00:00,1.4398
2008-03-20 00:00:00,1.4393
2008-03-19 00:00:00,1.4675
2008-03-18 00:00:00,1.4246
2008-03-17 00:00:00,1.4841
2008-03-14 00:00:00,1.5021
2008-03-13 00:00:00,1.4675
2008-03-12 00:00:00,1.467
2008-03-11 00:00:00,1.4344
2008-03-10 00:00:00,1.4973
2008-03-07 00:00:00,1.507
2008-03-06 00:00:00,1.5234
2008-03-05 00:00:00,1.4936
2008-03-04 00:00:00,1.5223
2008-03-03 00:00:00,1.5561
2008-02-29 00:00:00,1.5441
2008-02-28 00:00:00,1.5038
2008-02-27 00:00:00,1.4862
2008-02-26 00:00:00,1.4799
2008-02-25 00:00:00,1.5086
2008-02-22 00:00:00,1.5173
2008-02-21 00:00:00,1.4947
2008-02-20 00:00:00,1.4883
2008-02-19 00:00:00,1.4909
2008-02-15 00:00:00,1.4426
2008-02-14 00:00:00,1.4386
2008-02-13 00:00:00,1.4157
2008-02-12 00:00:00,1.4467
2008-02-11 00:00:00,1.4534
2008-02-08 00:00:00,1.4356
2008-02-07 00:00:00,1.458
2008-02-06 00:00:00,1.4376
2008-02-05 00:00:00,1.4104
2008-02-04 00:00:00,1.3581
2008-02-01 00:00:00,1.3465
2008-01-31 00:00:00,1.2577
2008-01-30 00:00:00,1.2733
2008-01-29 00:00:00,1.2577
2008-01-28 00:00:00,1.2531
2008-01-25 00:00:00,1.2447
2008-01-24 00:00:00,1.2331
2008-01-23 00:00:00,1.2841
2008-01-22 00:00:00,1.2817
2008-01-18 00:00:00,1.242
2008-01-17 00:00:00,1.2383
2008-01-16 00:00:00,1.2338
2008-01-15 00:00:00,1.2059
2008-01-14 00:00:00,1.1922
2008-01-11 00:00:00,1.2091
2008-01-10 00:00:00,1.1943
2008-01-09 00:00:00,1.1905
2008-01-08 00:00:00,1.2257
2008-01-07 00:00:00,1.1846
2008-01-04 00:00:00,1.1926
2008-01-03 00:00:00,1.1592
2008-01-02 00:00:00,1.1641
2007-12-31 00:00:00,1.1517
2007-12-28 00:00:00,1.1351
2007-12-27 00:00:00,1.1398
2007-12-26 00:00:00,1.1199
2007-12-24 00:00:00,1.1208
2007-12-21 00:00:00,1.137
2007-12-20 00:00:00,1.1543
2007-12-19 00:00:00,1.1785
2007-12-18 00:00:00,1.1802
2007-12-17 00:00:00,1.1922
2007-12-14 00:00:00,1.1611
2007-12-13 00:00:00,1.1641
2007-12-12 00:00:00,1.1894
2007-12-11 00:00:00,1.2023
2007-12-10 00:00:00,1.1795
2007-12-07 00:00:00,1.1874
2007-12-06 00:00:00,1.1867
2007-12-05 00:00:00,1.2006
2007-12-04 00:00:00,1.2511
2007-12-03 00:00:00,1.2454
2007-11-30 00:00:00,1.2202
2007-11-29 00:00:00,1.2206
2007-11-28 00:00:00,1.2166
2007-11-27 00:00:00,1.2402
2007-11-26 00:00:00,1.2436
2007-11-23 00:00:00,1.202
2007-11-21 00:00:00,1.1978
2007-11-20 00:00:00,1.1857
2007-11-19 00:00:00,1.2073
2007-11-16 00:00:00,1.2027
2007-11-15 00:00:00,1.2145
2007-11-14 00:00:00,1.2084
2007-11-13 00:00:00,1.1898
2007-11-12 00:00:00,1.1983
2007-11-09 00:00:00,1.1859
2007-11-08 00:00:00,1.1514
2007-11-07 00:00:00,1.1261
2007-11-06 00:00:00,1.0986
2007-11-05 00:00:00,1.089
2007-11-02 00:00:00,1.0793
2007-11-01 00:00:00,1.0793
2007-10-31 00:00:00,1.0867
2007-10-30 00:00:00,1.1245
2007-10-29 00:00:00,1.1571
2007-10-26 00:00:00,1.1419
2007-10-25 00:00:00,1.2504
2007-10-24 00:00:00,1.28
2007-10-23 00:00:00,1.2945
2007-10-22 00:00:00,1.311
2007-10-19 00:00:00,1.3258
2007-10-18 00:00:00,1.2837
2007-10-17 00:00:00,1.287
2007-10-16 00:00:00,1.3193
2007-10-15 00:00:00,1.3316
2007-10-12 00:00:00,1.3258
2007-10-11 00:00:00,1.3373
2007-10-10 00:00:00,1.3232
2007-10-09 00:00:00,1.3289
2007-10-08 00:00:00,1.3405
2007-10-05 00:00:00,1.3405
2007-10-04 00:00:00,1.3463
2007-10-03 00:00:00,1.3581
2007-10-02 00:00:00,1.3468
2007-10-01 00:00:00,1.3436
2007-09-28 00:00:00,1.3578
2007-09-27 00:00:00,1.3564
2007-09-26 00:00:00,1.3559
2007-09-25 00:00:00,1.3532
2007-09-24 00:00:00,1.3755
2007-09-21 00:00:00,1.3962
2007-09-20 00:00:00,1.4075
2007-09-19 00:00:00,1.3952
2007-09-18 00:00:00,1.3826
2007-09-17 00:00:00,1.3925
2007-09-14 00:00:00,1.3774
2007-09-13 00:00:00,1.3717
2007-09-12 00:00:00,1.3826
2007-09-11 00:00:00,1.3826
2007-09-10 00:00:00,1.4045
2007-09-07 00:00:00,1.4065
2007-09-06 00:00:00,1.3836
2007-09-05 00:00:00,1.4045
2007-09-04 00:00:00,1.3884
2007-08-31 00:00:00,1.3923
2007-08-30 00:00:00,1.406
2007-08-29 00:00:00,1.3991
2007-08-28 00:00:00,1.4322
2007-08-27 00:00:00,1.404
2007-08-24 00:00:00,1.3884
2007-08-23 00:00:00,1.4134
2007-08-22 00:00:00,1.4174
2007-08-21 00:00:00,1.425
2007-08-20 00:00:00,1.4154
2007-08-17 00:00:00,1.4159
2007-08-16 00:00:00,1.4383
2007-08-15 00:00:00,1.4235
2007-08-14 00:00:00,1.4149
2007-08-13 00:00:00,1.3608
2007-08-10 00:00:00,1.3598
2007-08-09 00:00:00,1.3485
2007-08-08 00:00:00,1.3
2007-08-07 00:00:00,1.3198
2007-08-06 00:00:00,1.3202
2007-08-03 00:00:00,1.3467
2007-08-02 00:00:00,1.3211
2007-08-01 00:00:00,1.3311
2007-07-31 00:00:00,1.3453
2007-07-30 00:00:00,1.3265
2007-07-27 00:00:00,1.327
2007-07-26 00:00:00,1.297
2007-07-25 00:00:00,1.2699
2007-07-24 00:00:00,1.2662
2007-07-23 00:00:00,1.2504
2007-07-20 00:00:00,1.2516
2007-07-19 00:00:00,1.2377
2007-07-18 00:00:00,1.2613
2007-07-17 00:00:00,1.2671
2007-07-16 00:00:00,1.2987
2007-07-13 00:00:00,1.3078
2007-07-12 00:00:00,1.297
2007-07-11 00:00:00,1.3225
2007-07-10 00:00:00,1.3297
2007-07-09 00:00:00,1.3057
2007-07-06 00:00:00,1.3013
2007-07-05 00:00:00,1.3004
2007-07-03 00:00:00,1.2991
2007-07-02 00:00:00,1.3114
2007-06-29 00:00:00,1.3234
2007-06-28 00:00:00,1.3074
2007-06-27 00:00:00,1.3052
2007-06-26 00:00:00,1.3211
2007-06-25 00:00:00,1.3225
2007-06-22 00:00:00,1.3225
2007-06-21 00:00:00,1.2905
2007-06-20 00:00:00,1.2996
2007-06-19 00:00:00,1.2804
2007-06-18 00:00:00,1.2783
2007-06-15 00:00:00,1.2791
2007-06-14 00:00:00,1.2774
2007-06-13 00:00:00,1.2837
2007-06-12 00:00:00,1.3065
2007-06-11 00:00:00,1.2991
2007-06-08 00:00:00,1.2978
2007-06-07 00:00:00,1.3167
2007-06-06 00:00:00,1.2876
2007-06-05 00:00:00,1.2753
2007-06-04 00:00:00,1.2697
2007-06-01 00:00:00,1.2749
2007-05-31 00:00:00,1.2708
2007-05-30 00:00:00,1.2536
2007-05-29 00:00:00,1.2662
2007-05-25 00:00:00,1.2795
2007-05-24 00:00:00,1.2922
2007-05-23 00:00:00,1.2753
2007-05-22 00:00:00,1.2708
2007-05-21 00:00:00,1.256
2007-05-18 00:00:00,1.265
2007-05-17 00:00:00,1.2589
2007-05-16 00:00:00,1.2552
2007-05-15 00:00:00,1.2609
2007-05-14 00:00:00,1.227
2007-05-11 00:00:00,1.2302
2007-05-10 00:00:00,1.2422
2007-05-09 00:00:00,1.2286
2007-05-08 00:00:00,1.2358
2007-05-07 00:00:00,1.2374
2007-05-04 00:00:00,1.2435
2007-05-03 00:00:00,1.227
2007-05-02 00:00:00,1.2414
2007-05-01 00:00:00,1.2492
2007-04-30 00:00:00,1.2692
2007-04-27 00:00:00,1.2616
2007-04-26 00:00:00,1.3058
2007-04-25 00:00:00,1.3108
2007-04-24 00:00:00,1.3199
2007-04-23 00:00:00,1.3204
2007-04-20 00:00:00,1.3099
2007-04-19 00:00:00,1.3245
2007-04-18 00:00:00,1.3287
2007-04-17 00:00:00,1.3172
2007-04-16 00:00:00,1.3227
2007-04-13 00:00:00,1.3282
2007-04-12 00:00:00,1.3315
2007-04-11 00:00:00,1.3518
2007-04-10 00:00:00,1.338
2007-04-09 00:00:00,1.3301
2007-04-05 00:00:00,1.331
2007-04-04 00:00:00,1.3333
2007-04-03 00:00:00,1.3635
2007-04-02 00:00:00,1.3699
2007-03-30 00:00:00,1.3635
2007-03-29 00:00:00,1.3694
2007-03-28 00:00:00,1.3748
2007-03-27 00:00:00,1.3709
2007-03-26 00:00:00,1.3466
2007-03-23 00:00:00,1.3562
2007-03-22 00:00:00,1.3442
2007-03-21 00:00:00,1.3324
2007-03-20 00:00:00,1.3649
2007-03-19 00:00:00,1.3654
2007-03-16 00:00:00,1.3904
2007-03-15 00:00:00,1.393
2007-03-14 00:00:00,1.3869
2007-03-13 00:00:00,1.4222
2007-03-12 00:00:00,1.3848
2007-03-09 00:00:00,1.393
2007-03-08 00:00:00,1.3909
2007-03-07 00:00:00,1.3763
2007-03-06 00:00:00,1.3654
2007-03-05 00:00:00,1.3793
2007-03-02 00:00:00,1.3689
2007-03-01 00:00:00,1.3533
2007-02-28 00:00:00,1.349
2007-02-27 00:00:00,1.363
2007-02-26 00:00:00,1.3072
2007-02-23 00:00:00,1.2978
2007-02-22 00:00:00,1.293
2007-02-21 00:00:00,1.2947
2007-02-20 00:00:00,1.3181
2007-02-16 00:00:00,1.3222
2007-02-15 00:00:00,1.2899
2007-02-14 00:00:00,1.2925
2007-02-13 00:00:00,1.3099
2007-02-12 00:00:00,1.2785
2007-02-09 00:00:00,1.2767
2007-02-08 00:00:00,1.2645
2007-02-07 00:00:00,1.2598
2007-02-06 00:00:00,1.2538
2007-02-05 00:00:00,1.2496
2007-02-02 00:00:00,1.2256
2007-02-01 00:00:00,1.2107
2007-01-31 00:00:00,1.199
2007-01-30 00:00:00,1.2139
2007-01-29 00:00:00,1.2119
2007-01-26 00:00:00,1.2092
2007-01-25 00:00:00,1.2151
2007-01-24 00:00:00,1.1901
2007-01-23 00:00:00,1.2036
2007-01-22 00:00:00,1.2044
2007-01-19 00:00:00,1.1893
2007-01-18 00:00:00,1.1935
2007-01-17 00:00:00,1.1897
2007-01-16 00:00:00,1.1874
2007-01-12 00:00:00,1.1855
2007-01-11 00:00:00,1.2052
2007-01-10 00:00:00,1.2475
2007-01-09 00:00:00,1.235
2007-01-08 00:00:00,1.2362
2007-01-05 00:00:00,1.2483
2007-01-04 00:00:00,1.2412
2007-01-03 00:00:00,1.2391
2006-12-29 00:00:00,1.2391
2006-12-28 00:00:00,1.2342
2006-12-27 00:00:00,1.2325
2006-12-26 00:00:00,1.2337
2006-12-22 00:00:00,1.2483
2006-12-21 00:00:00,1.2342
2006-12-20 00:00:00,1.2296
2006-12-19 00:00:00,1.2337
2006-12-18 00:00:00,1.2379
2006-12-15 00:00:00,1.2256
2006-12-14 00:00:00,1.2305
2006-12-13 00:00:00,1.2521
2006-12-12 00:00:00,1.2572
2006-12-11 00:00:00,1.2525
2006-12-08 00:00:00,1.2585
2006-12-07 00:00:00,1.2825
2006-12-06 00:00:00,1.2763
2006-12-05 00:00:00,1.2702
2006-12-04 00:00:00,1.2615
2006-12-01 00:00:00,1.2706
2006-11-30 00:00:00,1.2513
2006-11-29 00:00:00,1.2513
2006-11-28 00:00:00,1.2589
2006-11-27 00:00:00,1.2551
2006-11-24 00:00:00,1.2433
2006-11-22 00:00:00,1.2366
2006-11-21 00:00:00,1.2366
2006-11-20 00:00:00,1.2379
2006-11-17 00:00:00,1.2585
2006-11-16 00:00:00,1.2555
2006-11-15 00:00:00,1.2702
2006-11-14 00:00:00,1.2576
2006-11-13 00:00:00,1.1925
2006-11-10 00:00:00,1.197
2006-11-09 00:00:00,1.1962
2006-11-08 00:00:00,1.1974
2006-11-07 00:00:00,1.209
2006-11-06 00:00:00,1.2136
2006-11-03 00:00:00,1.2182
2006-11-02 00:00:00,1.2165
2006-11-01 00:00:00,1.2149
2006-10-31 00:00:00,1.2191
2006-10-30 00:00:00,1.2268
2006-10-27 00:00:00,1.235
2006-10-26 00:00:00,1.2346
2006-10-25 00:00:00,1.2363
2006-10-24 00:00:00,1.2376
2006-10-23 00:00:00,1.2302
2006-10-20 00:00:00,1.2311
2006-10-19 00:00:00,1.2372
2006-10-18 00:00:00,1.2272
2006-10-17 00:00:00,1.2307
2006-10-16 00:00:00,1.2302
2006-10-13 00:00:00,1.2337
2006-10-12 00:00:00,1.2403
2006-10-11 00:00:00,1.2709
2006-10-10 00:00:00,1.264
2006-10-09 00:00:00,1.2626
2006-10-06 00:00:00,1.25
2006-10-05 00:00:00,1.2536
2006-10-04 00:00:00,1.2527
2006-10-03 00:00:00,1.2788
2006-10-02 00:00:00,1.2792
2006-09-29 00:00:00,1.2797
2006-09-28 00:00:00,1.2774
2006-09-27 00:00:00,1.2755
2006-09-26 00:00:00,1.2868
2006-09-25 00:00:00,1.2987
2006-09-22 00:00:00,1.3128
2006-09-21 00:00:00,1.3011
2006-09-20 00:00:00,1.2853
2006-09-19 00:00:00,1.3031
2006-09-18 00:00:00,1.3065
2006-09-15 00:00:00,1.3035
2006-09-14 00:00:00,1.3293
2006-09-13 00:00:00,1.3472
2006-09-12 00:00:00,1.3498
2006-09-11 00:00:00,1.3508
2006-09-08 00:00:00,1.3672
2006-09-07 00:00:00,1.3763
2006-09-06 00:00:00,1.3667
2006-09-05 00:00:00,1.3667
2006-09-01 00:00:00,1.3545
2006-08-31 00:00:00,1.3619
2006-08-30 00:00:00,1.3566
2006-08-29 00:00:00,1.3545
2006-08-28 00:00:00,1.3487
2006-08-25 00:00:00,1.354
2006-08-24 00:00:00,1.3598
2006-08-23 00:00:00,1.3635
2006-08-22 00:00:00,1.3661
2006-08-21 00:00:00,1.34
2006-08-18 00:00:00,1.3571
2006-08-17 00:00:00,1.417
2006-08-16 00:00:00,1.417
2006-08-15 00:00:00,1.4216
2006-08-14 00:00:00,1.3821
2006-08-11 00:00:00,1.3917
2006-08-10 00:00:00,1.3821
2006-08-09 00:00:00,1.3912
2006-08-08 00:00:00,1.3969
2006-08-07 00:00:00,1.4038
2006-08-04 00:00:00,1.3998
2006-08-03 00:00:00,1.4044
2006-08-02 00:00:00,1.3992
2006-08-01 00:00:00,1.4173
2006-07-31 00:00:00,1.4131
2006-07-28 00:00:00,1.4021
2006-07-27 00:00:00,1.4238
2006-07-26 00:00:00,1.3952
2006-07-25 00:00:00,1.4038
2006-07-24 00:00:00,1.4167
2006-07-21 00:00:00,1.4244
2006-07-20 00:00:00,1.488
2006-07-19 00:00:00,1.453
2006-07-18 00:00:00,1.4952
2006-07-17 00:00:00,1.5038
2006-07-14 00:00:00,1.5253
2006-07-13 00:00:00,1.5274
2006-07-12 00:00:00,1.5018
2006-07-11 00:00:00,1.4725
2006-07-10 00:00:00,1.4468
2006-07-07 00:00:00,1.4592
2006-07-06 00:00:00,1.448
2006-07-05 00:00:00,1.4561
2006-07-03 00:00:00,1.4346
2006-06-30 00:00:00,1.4592
2006-06-29 00:00:00,1.4388
2006-06-28 00:00:00,1.468
2006-06-27 00:00:00,1.468
2006-06-26 00:00:00,1.4899
2006-06-23 00:00:00,1.5111
2006-06-22 00:00:00,1.486
2006-06-21 00:00:00,1.4731
2006-06-20 00:00:00,1.5071
2006-06-19 00:00:00,1.5078
2006-06-16 00:00:00,1.5385
2006-06-15 00:00:00,1.5364
2006-06-14 00:00:00,1.5539
2006-06-13 00:00:00,1.5807
2006-06-12 00:00:00,1.5661
2006-06-09 00:00:00,1.5511
2006-06-08 00:00:00,1.5378
2006-06-07 00:00:00,1.5426
2006-06-06 00:00:00,1.5364
2006-06-05 00:00:00,1.5111
2006-06-02 00:00:00,1.4938
2006-06-01 00:00:00,1.4886
2006-05-31 00:00:00,1.5011
2006-05-30 00:00:00,1.4687
2006-05-26 00:00:00,1.4334
2006-05-25 00:00:00,1.4322
2006-05-24 00:00:00,1.4468
2006-05-23 00:00:00,1.4919
2006-05-22 00:00:00,1.486
2006-05-19 00:00:00,1.5071
2006-05-18 00:00:00,1.4893
2006-05-17 00:00:00,1.4958
2006-05-16 00:00:00,1.4776
2006-05-15 00:00:00,1.4687
2006-05-12 00:00:00,1.4243
2006-05-11 00:00:00,1.3871
2006-05-10 00:00:00,1.3883
2006-05-09 00:00:00,1.3971
2006-05-08 00:00:00,1.3906
2006-05-05 00:00:00,1.3866
2006-05-04 00:00:00,1.4078
2006-05-03 00:00:00,1.4243
2006-05-02 00:00:00,1.32
2006-05-01 00:00:00,1.3586
2006-04-28 00:00:00,1.3665
2006-04-27 00:00:00,1.211
2006-04-26 00:00:00,1.2177
2006-04-25 00:00:00,1.2173
2006-04-24 00:00:00,1.2173
2006-04-21 00:00:00,1.2155
2006-04-20 00:00:00,1.2209
2006-04-19 00:00:00,1.22
2006-04-18 00:00:00,1.2123
2006-04-17 00:00:00,1.2295
2006-04-13 00:00:00,1.2191
2006-04-12 00:00:00,1.2132
2006-04-11 00:00:00,1.2164
2006-04-10 00:00:00,1.2097
2006-04-07 00:00:00,1.211
2006-04-06 00:00:00,1.1974
2006-04-05 00:00:00,1.1811
2006-04-04 00:00:00,1.1939
2006-04-03 00:00:00,1.1974
2006-03-31 00:00:00,1.2128
2006-03-30 00:00:00,1.2119
2006-03-29 00:00:00,1.2213
2006-03-28 00:00:00,1.2128
2006-03-27 00:00:00,1.2218
2006-03-24 00:00:00,1.2218
2006-03-23 00:00:00,1.229
2006-03-22 00:00:00,1.2155
2006-03-21 00:00:00,1.1896
2006-03-20 00:00:00,1.1832
2006-03-17 00:00:00,1.2
2006-03-16 00:00:00,1.2101
2006-03-15 00:00:00,1.2022
2006-03-14 00:00:00,1.2119
2006-03-13 00:00:00,1.2173
2006-03-10 00:00:00,1.2146
2006-03-09 00:00:00,1.2222
2006-03-08 00:00:00,1.211
2006-03-07 00:00:00,1.2204
2006-03-06 00:00:00,1.2263
2006-03-03 00:00:00,1.2254
2006-03-02 00:00:00,1.2236
2006-03-01 00:00:00,1.2164
2006-02-28 00:00:00,1.2281
2006-02-27 00:00:00,1.22
2006-02-24 00:00:00,1.2373
2006-02-23 00:00:00,1.2378
2006-02-22 00:00:00,1.235
2006-02-21 00:00:00,1.2434
2006-02-17 00:00:00,1.236
2006-02-16 00:00:00,1.2309
2006-02-15 00:00:00,1.2277
2006-02-14 00:00:00,1.2008
2006-02-13 00:00:00,1.2126
2006-02-10 00:00:00,1.19
2006-02-09 00:00:00,1.2003
2006-02-08 00:00:00,1.1891
2006-02-07 00:00:00,1.1878
2006-02-06 00:00:00,1.1769
2006-02-03 00:00:00,1.1619
2006-02-02 00:00:00,1.1561
2006-02-01 00:00:00,1.1412
2006-01-31 00:00:00,1.1368
2006-01-30 00:00:00,1.1429
2006-01-27 00:00:00,1.1515
2006-01-26 00:00:00,1.2075
2006-01-25 00:00:00,1.2126
2006-01-24 00:00:00,1.2181
2006-01-23 00:00:00,1.2144
2006-01-20 00:00:00,1.2117
2006-01-19 00:00:00,1.1843
2006-01-18 00:00:00,1.1927
2006-01-17 00:00:00,1.1856
2006-01-13 00:00:00,1.1769
2006-01-12 00:00:00,1.1791
2006-01-11 00:00:00,1.1726
2006-01-10 00:00:00,1.1852
2006-01-09 00:00:00,1.1914
2006-01-06 00:00:00,1.1891
2006-01-05 00:00:00,1.1856
2006-01-04 00:00:00,1.1817
2006-01-03 00:00:00,1.1922
2005-12-30 00:00:00,1.2237
2005-12-29 00:00:00,1.2181
2005-12-28 00:00:00,1.2126
2005-12-27 00:00:00,1.2094
2005-12-23 00:00:00,1.2012
2005-12-22 00:00:00,1.2035
2005-12-21 00:00:00,1.1972
2005-12-20 00:00:00,1.1914
2005-12-19 00:00:00,1.1927
2005-12-16 00:00:00,1.1896
2005-12-15 00:00:00,1.1887
2005-12-14 00:00:00,1.1812
2005-12-13 00:00:00,1.1795
2005-12-12 00:00:00,1.1658
2005-12-09 00:00:00,1.1548
2005-12-08 00:00:00,1.1557
2005-12-07 00:00:00,1.1532
2005-12-06 00:00:00,1.1557
2005-12-05 00:00:00,1.149
2005-12-02 00:00:00,1.1424
2005-12-01 00:00:00,1.1474
2005-11-30 00:00:00,1.1561
2005-11-29 00:00:00,1.1561
2005-11-28 00:00:00,1.1532
2005-11-25 00:00:00,1.1527
2005-11-23 00:00:00,1.1461
2005-11-22 00:00:00,1.1474
2005-11-21 00:00:00,1.1364
2005-11-18 00:00:00,1.14
2005-11-17 00:00:00,1.1441
2005-11-16 00:00:00,1.1536
2005-11-15 00:00:00,1.1636
2005-11-14 00:00:00,12.1389
2005-11-11 00:00:00,12.1701
2005-11-10 00:00:00,12.2554
2005-11-09 00:00:00,12.3145
2005-11-08 00:00:00,12.2736
2005-11-07 00:00:00,12.2917
2005-11-04 00:00:00,12.4531
2005-11-03 00:00:00,12.5567
2005-11-02 00:00:00,12.5472
2005-11-01 00:00:00,12.7889
2005-10-31 00:00:00,12.9183
2005-10-28 00:00:00,13.0043
2005-10-27 00:00:00,13.3602
2005-10-26 00:00:00,13.2218
2005-10-25 00:00:00,13.2641
2005-10-24 00:00:00,13.2324
2005-10-21 00:00:00,13.3979
2005-10-20 00:00:00,13.3925
2005-10-19 00:00:00,13.2324
2005-10-18 00:00:00,13.5124
2005-10-17 00:00:00,13.5344
2005-10-14 00:00:00,13.4467
2005-10-13 00:00:00,13.5014
2005-10-12 00:00:00,13.6626
2005-10-11 00:00:00,13.601
2005-10-10 00:00:00,13.5732
2005-10-07 00:00:00,13.5014
2005-10-06 00:00:00,13.425
2005-10-05 00:00:00,13.4576
2005-10-04 00:00:00,13.2906
2005-10-03 00:00:00,13.0196
2005-09-30 00:00:00,12.9032
2005-09-29 00:00:00,12.7988
2005-09-28 00:00:00,12.9334
2005-09-27 00:00:00,13.1018
2005-09-26 00:00:00,13.1381
2005-09-23 00:00:00,13.1381
2005-09-22 00:00:00,13.1018
2005-09-21 00:00:00,12.8185
2005-09-20 00:00:00,12.8483
2005-09-19 00:00:00,12.7692
2005-09-16 00:00:00,12.7349
2005-09-15 00:00:00,12.638
2005-09-14 00:00:00,12.6188
2005-09-13 00:00:00,12.5378
2005-09-12 00:00:00,12.4765
2005-09-09 00:00:00,12.4906
2005-09-08 00:00:00,12.4765
2005-09-07 00:00:00,12.365
2005-09-06 00:00:00,12.2963
2005-09-02 00:00:00,12.2872
2005-09-01 00:00:00,12.2059
2005-08-31 00:00:00,12.1256
2005-08-30 00:00:00,12.2149
2005-08-29 00:00:00,12.2284
2005-08-26 00:00:00,12.31
2005-08-25 00:00:00,12.2826
2005-08-24 00:00:00,12.3834
2005-08-23 00:00:00,12.3558
2005-08-22 00:00:00,12.3374
2005-08-19 00:00:00,12.4252
2005-08-18 00:00:00,12.3788
2005-08-17 00:00:00,12.3191
2005-08-16 00:00:00,12.4159
2005-08-15 00:00:00,12.2374
2005-08-12 00:00:00,12.2736
2005-08-11 00:00:00,12.1746
2005-08-10 00:00:00,12.3191
2005-08-09 00:00:00,12.1389
2005-08-08 00:00:00,12.2374
2005-08-05 00:00:00,11.9597
2005-08-04 00:00:00,12.1523
2005-08-03 00:00:00,12.1835
2005-08-02 00:00:00,12.3834
2005-08-01 00:00:00,12.8086
2005-07-29 00:00:00,12.9637
2005-07-28 00:00:00,12.8932
2005-07-27 00:00:00,12.9082
2005-07-26 00:00:00,12.9992
2005-07-25 00:00:00,12.9233
2005-07-22 00:00:00,12.9283
2005-07-21 00:00:00,12.5567
2005-07-20 00:00:00,12.6766
2005-07-19 00:00:00,12.6911
2005-07-18 00:00:00,12.9941
2005-07-15 00:00:00,12.8732
2005-07-14 00:00:00,12.784
2005-07-13 00:00:00,12.9384
2005-07-12 00:00:00,12.9637
2005-07-11 00:00:00,13.1277
2005-07-08 00:00:00,13.2324
2005-07-07 00:00:00,13.4686
2005-07-06 00:00:00,13.4413
2005-07-05 00:00:00,13.2906
2005-07-01 00:00:00,13.4359
2005-06-30 00:00:00,13.3655
2005-06-29 00:00:00,13.2376
2005-06-28 00:00:00,13.2429
2005-06-27 00:00:00,13.2535
2005-06-24 00:00:00,13.2588
2005-06-23 00:00:00,13.1173
2005-06-22 00:00:00,13.2429
2005-06-21 00:00:00,13.2008
2005-06-20 00:00:00,13.2218
2005-06-17 00:00:00,13.2588
2005-06-16 00:00:00,13.2588
2005-06-15 00:00:00,13.1433
2005-06-14 00:00:00,13.0915
2005-06-13 00:00:00,13.1173
2005-06-10 00:00:00,13.0554
2005-06-09 00:00:00,13.0145
2005-06-08 00:00:00,13.0709
2005-06-07 00:00:00,13.0145
2005-06-06 00:00:00,13.0863
2005-06-03 00:00:00,13.0554
2005-06-02 00:00:00,12.8732
2005-06-01 00:00:00,12.8632
2005-05-31 00:00:00,12.8682
2005-05-27 00:00:00,12.7349
2005-05-26 00:00:00,12.8185
2005-05-25 00:00:00,12.9133
2005-05-24 00:00:00,12.8882
2005-05-23 00:00:00,12.8433
2005-05-20 00:00:00,12.8982
2005-05-19 00:00:00,12.8086
2005-05-18 00:00:00,12.9183
2005-05-17 00:00:00,13.0401
2005-05-16 00:00:00,13.0247
2005-05-13 00:00:00,12.8063
2005-05-12 00:00:00,12.96
2005-05-11 00:00:00,13.0068
2005-05-10 00:00:00,13.012
2005-05-09 00:00:00,12.9032
2005-05-06 00:00:00,12.8469
2005-05-05 00:00:00,12.8419
2005-05-04 00:00:00,12.852
2005-05-03 00:00:00,12.776
2005-05-02 00:00:00,12.8419
2005-04-29 00:00:00,12.8063
2005-04-28 00:00:00,13.2515
2005-04-27 00:00:00,12.9652
2005-04-26 00:00:00,13.0856
2005-04-25 00:00:00,12.9652
2005-04-22 00:00:00,12.9704
2005-04-21 00:00:00,12.8165
2005-04-20 00:00:00,13.3224
2005-04-19 00:00:00,13.1547
2005-04-18 00:00:00,13.144
2005-04-15 00:00:00,13.2461
2005-04-14 00:00:00,13.0435
2005-04-13 00:00:00,12.9393
2005-04-12 00:00:00,12.7962
2005-04-11 00:00:00,12.9756
2005-04-08 00:00:00,12.9912
2005-04-07 00:00:00,12.9084
2005-04-06 00:00:00,13.1334
2005-04-05 00:00:00,13.2407
2005-04-04 00:00:00,13.3719
2005-04-01 00:00:00,13.4328
2005-03-31 00:00:00,13.405
2005-03-30 00:00:00,13.4106
2005-03-29 00:00:00,13.5452
2005-03-28 00:00:00,13.3884
2005-03-24 00:00:00,13.3443
2005-03-23 00:00:00,13.3995
2005-03-22 00:00:00,13.5056
2005-03-21 00:00:00,13.3884
2005-03-18 00:00:00,13.3278
2005-03-17 00:00:00,13.2029
2005-03-16 00:00:00,13.1547
2005-03-15 00:00:00,13.0068
2005-03-14 00:00:00,12.9032
2005-03-11 00:00:00,12.9135
2005-03-10 00:00:00,12.7409
2005-03-09 00:00:00,12.8013
2005-03-08 00:00:00,12.7559
2005-03-07 00:00:00,12.7208
2005-03-04 00:00:00,12.8725
2005-03-03 00:00:00,12.8725
2005-03-02 00:00:00,12.8266
2005-03-01 00:00:00,12.8165
2005-02-28 00:00:00,12.8776
2005-02-25 00:00:00,12.8317
2005-02-24 00:00:00,12.771
2005-02-23 00:00:00,12.8571
2005-02-22 00:00:00,12.8419
2005-02-18 00:00:00,12.7159
2005-02-17 00:00:00,12.6316
2005-02-16 00:00:00,12.563
2005-02-15 00:00:00,12.4952
2005-02-14 00:00:00,12.1492
2005-02-11 00:00:00,12.1679
2005-02-10 00:00:00,12.1259
2005-02-09 00:00:00,12.1212
2005-02-08 00:00:00,12.0427
2005-02-07 00:00:00,12.0795
2005-02-04 00:00:00,12.0061
2005-02-03 00:00:00,12.0703
2005-02-02 00:00:00,11.9426
2005-02-01 00:00:00,11.9742
2005-01-31 00:00:00,12.0244
2005-01-28 00:00:00,12.0703
2005-01-27 00:00:00,12.1026
2005-01-26 00:00:00,12.1492
2005-01-25 00:00:00,12.1445
2005-01-24 00:00:00,12.3101
2005-01-21 00:00:00,12.3197
2005-01-20 00:00:00,12.1073
2005-01-19 00:00:00,12.1632
2005-01-18 00:00:00,12.0061
2005-01-14 00:00:00,12.098
2005-01-13 00:00:00,12.0289
2005-01-12 00:00:00,11.7999
2005-01-11 00:00:00,11.8219
2005-01-10 00:00:00,11.791
2005-01-07 00:00:00,11.8485
2005-01-06 00:00:00,11.8131
2005-01-05 00:00:00,11.7999
2005-01-04 00:00:00,11.7735
2005-01-03 00:00:00,11.8175
2004-12-31 00:00:00,11.8263
2004-12-30 00:00:00,11.8087
2004-12-29 00:00:00,11.7472
2004-12-28 00:00:00,11.7254
2004-12-27 00:00:00,11.7691
2004-12-23 00:00:00,11.6994
2004-12-22 00:00:00,11.7167
2004-12-21 00:00:00,11.6734
2004-12-20 00:00:00,11.7254
2004-12-17 00:00:00,11.7211
2004-12-16 00:00:00,11.6348
2004-12-15 00:00:00,11.6562
2004-12-14 00:00:00,11.6048
2004-12-13 00:00:00,11.5963
2004-12-10 00:00:00,11.6691
2004-12-09 00:00:00,11.6048
2004-12-08 00:00:00,11.5497
2004-12-07 00:00:00,11.6734
2004-12-06 00:00:00,11.5624
2004-12-03 00:00:00,11.6048
2004-12-02 00:00:00,11.6648
2004-12-01 00:00:00,11.5963
2004-11-30 00:00:00,11.7866
2004-11-29 00:00:00,11.8043
2004-11-26 00:00:00,11.8797
2004-11-24 00:00:00,11.8619
2004-11-23 00:00:00,11.911
2004-11-22 00:00:00,11.8574
2004-11-19 00:00:00,11.7647
2004-11-18 00:00:00,11.6734
2004-11-17 00:00:00,11.6305
2004-11-16 00:00:00,11.6519
2004-11-15 00:00:00,11.5371
2004-11-12 00:00:00,0.2669
2004-11-11 00:00:00,0.2668
2004-11-10 00:00:00,0.2691
2004-11-09 00:00:00,0.2676
2004-11-08 00:00:00,0.2714
2004-11-05 00:00:00,0.2725
2004-11-04 00:00:00,0.2759
2004-11-03 00:00:00,0.281
2004-11-02 00:00:00,0.2833
2004-11-01 00:00:00,0.2829
2004-10-29 00:00:00,0.286
2004-10-28 00:00:00,0.2803
2004-10-27 00:00:00,0.2842
2004-10-26 00:00:00,0.2867
2004-10-25 00:00:00,0.2881
2004-10-22 00:00:00,0.2884
2004-10-21 00:00:00,0.2769
2004-10-20 00:00:00,0.2788
2004-10-19 00:00:00,0.2839
2004-10-18 00:00:00,0.2816
2004-10-15 00:00:00,0.2833
2004-10-14 00:00:00,0.2841
2004-10-13 00:00:00,0.2854
2004-10-12 00:00:00,0.2854
2004-10-11 00:00:00,0.2835
2004-10-08 00:00:00,0.2858
2004-10-07 00:00:00,0.284
2004-10-06 00:00:00,0.2804
2004-10-05 00:00:00,0.2819
2004-10-04 00:00:00,0.2811
2004-10-01 00:00:00,0.2832
2004-09-30 00:00:00,0.2879
2004-09-29 00:00:00,0.2901
2004-09-28 00:00:00,0.2924
2004-09-27 00:00:00,0.2942
2004-09-24 00:00:00,0.2931
2004-09-23 00:00:00,0.2921
2004-09-22 00:00:00,0.295
2004-09-21 00:00:00,0.2935
2004-09-20 00:00:00,0.2908
2004-09-17 00:00:00,0.2906
2004-09-16 00:00:00,0.2935
2004-09-15 00:00:00,0.2942
2004-09-14 00:00:00,0.2915
2004-09-13 00:00:00,0.2936
2004-09-10 00:00:00,0.291
2004-09-09 00:00:00,0.2912
2004-09-08 00:00:00,0.2935
2004-09-07 00:00:00,0.2924
2004-09-03 00:00:00,0.2951
2004-09-02 00:00:00,0.2896
2004-09-01 00:00:00,0.2921
2004-08-31 00:00:00,0.293
2004-08-30 00:00:00,0.293
2004-08-27 00:00:00,0.2913
2004-08-26 00:00:00,0.2915
2004-08-25 00:00:00,0.2891
2004-08-24 00:00:00,0.2913
2004-08-23 00:00:00,0.2927
